epoch,train_loss,val_loss,exact_acc,bit_acc,hamming_loss,precision,recall,f1,pred_positive_rate,true_positive_rate
1,0.5352773698635924,0.34367899121218964,0.39541984732824426,0.9264994547437295,0.07350054525627048,0.3448763250883392,0.5368536853685368,0.4199655765920826,0.07715376226826609,0.049563794983642315
2,0.35063532771875805,0.3173531712466524,0.4083969465648855,0.9263904034896401,0.07360959651035992,0.34866163349347973,0.5588558855885588,0.42941673710904477,0.07944383860414395,0.049563794983642315
3,0.33079901044663185,0.3054709030926683,0.4404580152671756,0.9331515812431843,0.06684841875681569,0.3833701250919794,0.5731573157315731,0.45943562610229277,0.07410032715376227,0.049563794983642315
4,0.31781763504493055,0.2951440612778409,0.43740458015267175,0.9325517993456924,0.06744820065430757,0.3861111111111111,0.6116611661166117,0.4733929331630481,0.07851690294438386,0.049563794983642315
5,0.30783976008360064,0.29001047065239827,0.42900763358778626,0.9333696837513631,0.06663031624863691,0.39078855547801816,0.6160616061606161,0.47822374039282667,0.07813522355507088,0.049563794983642315
6,0.3001679436387759,0.2849001150094826,0.4198473282442748,0.9313522355507088,0.06864776444929122,0.3837981407702523,0.6358635863586358,0.4786749482401656,0.08211559432933478,0.049563794983642315
7,0.29403642896796756,0.2828480819254431,0.42290076335877863,0.9326063249727372,0.06739367502726279,0.39004707464694016,0.6380638063806381,0.48414023372287146,0.08107960741548528,0.049563794983642315
8,0.28898167634060373,0.27976340005415995,0.42290076335877863,0.9316793893129771,0.06832061068702289,0.3872870249017038,0.6501650165016502,0.4854209445585216,0.083206106870229,0.049563794983642315
9,0.28534719906000716,0.27801524268761846,0.43206106870229005,0.9324972737186478,0.06750272628135223,0.39069767441860465,0.6468646864686468,0.4871582435791218,0.08206106870229007,0.049563794983642315
10,0.28208309084341987,0.27652630182622956,0.4183206106870229,0.9302617230098146,0.06973827699018542,0.38156209987195905,0.6556655665566556,0.48239579117766085,0.0851690294438386,0.049563794983642315
11,0.2791312004767158,0.27518506982854307,0.43740458015267175,0.9344056706652126,0.06559432933478737,0.40107671601615075,0.6556655665566556,0.4977035490605428,0.08102508178844056,0.049563794983642315
12,0.27717864194269465,0.27495751913267236,0.42442748091603055,0.929989094874591,0.07001090512540897,0.3830318153462258,0.6754675467546755,0.4888535031847134,0.08740458015267176,0.049563794983642315
13,0.2749802361214564,0.2740219243155181,0.42366412213740456,0.9291166848418757,0.0708833151581243,0.3805742211362248,0.6853685368536854,0.48939512961508247,0.08925845147219193,0.049563794983642315
14,0.27316340531049554,0.27209045372846474,0.4305343511450382,0.9302071973827699,0.06979280261723009,0.38296529968454257,0.6677667766776678,0.4867682437850842,0.08642311886586695,0.049563794983642315
15,0.2722271964121784,0.2720239270734423,0.4312977099236641,0.9292257360959651,0.07077426390403485,0.37851342910680824,0.6666666666666666,0.48286852589641427,0.08729552889858233,0.049563794983642315
16,0.2699997131663849,0.27197815475573067,0.4259541984732824,0.9275899672846237,0.07241003271537627,0.3740228502705953,0.6842684268426843,0.4836702954898911,0.09067611777535442,0.049563794983642315
17,0.26884643115440293,0.27172503917271856,0.43740458015267175,0.9309705561613959,0.0690294438386041,0.3849129593810445,0.6567656765676567,0.4853658536585366,0.08456924754634679,0.049563794983642315
18,0.26757095676497844,0.2717841102876736,0.43206106870229005,0.9297164667393675,0.07028353326063252,0.37989886219974717,0.6611661166116611,0.48253713368125245,0.08625954198473282,0.049563794983642315
19,0.26680481858518795,0.2709252000765036,0.4396946564885496,0.9302071973827699,0.06979280261723009,0.3828174352495262,0.6666666666666666,0.4863563402889245,0.08631406761177754,0.049563794983642315
20,0.26532107095018465,0.2713537901867437,0.433587786259542,0.9292802617230098,0.07071973827699018,0.37995049504950495,0.6754675467546755,0.4863366336633663,0.088113413304253,0.049563794983642315
21,0.2647498786238956,0.27100001409763597,0.4480916030534351,0.9335332606324973,0.06646673936750269,0.3963903743315508,0.6523652365236524,0.4931392931392931,0.08157033805888768,0.049563794983642315
22,0.2635216876213094,0.2702729317978138,0.44198473282442746,0.9308615049073065,0.06913849509269354,0.38731952291274324,0.6787678767876788,0.49320543565147884,0.08685932388222464,0.049563794983642315
23,0.26272131186060427,0.26963345958986357,0.4435114503816794,0.9320065430752453,0.06799345692475467,0.39152759948652116,0.671067106710671,0.49452776651803815,0.08495092693565975,0.049563794983642315
24,0.26189340752860385,0.2703586630238832,0.4366412213740458,0.9298255179934569,0.07017448200654308,0.3831891223733004,0.682068206820682,0.4907004352987732,0.08822246455834241,0.049563794983642315
25,0.2611883867956523,0.27085617735185696,0.43206106870229005,0.9308615049073065,0.06913849509269354,0.385886840432295,0.6677667766776678,0.4891216760676873,0.08576881134133042,0.049563794983642315
26,0.26031711007557107,0.2703161320613541,0.4404580152671756,0.9302617230098146,0.06973827699018542,0.3849502487562189,0.680968096809681,0.49185538339292806,0.08767720828789531,0.049563794983642315
27,0.2594594051305928,0.26997321871400787,0.4389312977099237,0.9308615049073065,0.06913849509269354,0.3867507886435331,0.6743674367436744,0.491579791499599,0.08642311886586695,0.049563794983642315
28,0.25933198750838227,0.2697030743569818,0.4381679389312977,0.9320610687022901,0.06793893129770989,0.39107950872656755,0.6655665566556656,0.49267100977198697,0.08435114503816794,0.049563794983642315
29,0.2580786433400123,0.2706231588625726,0.4305343511450382,0.9305888767720829,0.0694111232279171,0.38495575221238937,0.66996699669967,0.48896025692492967,0.08625954198473282,0.049563794983642315
30,0.25726984532012764,0.2702951664233026,0.4404580152671756,0.932824427480916,0.06717557251908401,0.3942370661427636,0.6622662266226622,0.49425287356321834,0.08326063249727372,0.049563794983642315
31,0.256821766396155,0.2717010266453255,0.45572519083969465,0.9337513631406761,0.06624863685932392,0.398406374501992,0.6600660066006601,0.49689440993788814,0.08211559432933478,0.049563794983642315
32,0.2563140645899102,0.2705213359749044,0.4435114503816794,0.9319520174482007,0.06804798255179934,0.3909967845659164,0.6688668866886689,0.49350649350649356,0.08478735005452563,0.049563794983642315
33,0.255350368200174,0.27094916560267673,0.4587786259541985,0.9341330425299891,0.06586695747001092,0.3993265993265993,0.6523652365236524,0.495405179615706,0.08097055616139585,0.049563794983642315
34,0.2550830148255741,0.2708648754895188,0.44122137404580153,0.9313522355507088,0.06864776444929122,0.38910012674271227,0.6754675467546755,0.4937675914756735,0.08604143947655397,0.049563794983642315
35,0.25441801276660236,0.2700998936445658,0.44580152671755724,0.9320610687022901,0.06793893129770989,0.39315155358275206,0.682068206820682,0.49879324215607396,0.08598691384950927,0.049563794983642315
36,0.25377126612902645,0.2695915390061968,0.44274809160305345,0.931515812431843,0.068484187568157,0.389278876834716,0.671067106710671,0.49273021001615513,0.08544165757906216,0.049563794983642315
37,0.25297097402131835,0.27051444299348437,0.43587786259541983,0.9306979280261723,0.06930207197382765,0.38544303797468354,0.66996699669967,0.489353153877059,0.0861504907306434,0.049563794983642315
38,0.2525998435133763,0.270399809884661,0.4488549618320611,0.9312977099236641,0.06870229007633588,0.3892744479495268,0.6787678767876788,0.49478748997594224,0.08642311886586695,0.049563794983642315
39,0.2520171086150832,0.2706036945790735,0.44656488549618323,0.9324427480916031,0.0675572519083969,0.3938223938223938,0.6732673267326733,0.49695493300852617,0.08473282442748091,0.049563794983642315
40,0.2515635350763536,0.27055742053585197,0.4549618320610687,0.9325517993456924,0.06744820065430757,0.39378238341968913,0.6688668866886689,0.49571952710966166,0.0841875681570338,0.049563794983642315
41,0.2507216649261179,0.2712329899081747,0.4488549618320611,0.9327699018538713,0.06723009814612868,0.39466840052015606,0.6677667766776678,0.4961176951369024,0.08386041439476553,0.049563794983642315
42,0.25044794418493693,0.2714495095587869,0.449618320610687,0.9318429661941112,0.06815703380588878,0.39063502245028864,0.66996699669967,0.493517017828201,0.08500545256270448,0.049563794983642315
43,0.24990954238009103,0.2710047230920719,0.4450381679389313,0.9322791712104689,0.06772082878953112,0.39320076972418216,0.6743674367436744,0.4967585089141004,0.08500545256270448,0.049563794983642315
44,0.24954714378479625,0.2707889673819069,0.4450381679389313,0.9329334787350054,0.06706652126499457,0.3970493906350224,0.680968096809681,0.5016207455429498,0.08500545256270448,0.049563794983642315
45,0.24861521390040064,0.2710277180635292,0.4534351145038168,0.9329880043620502,0.0670119956379498,0.39556135770234985,0.6666666666666666,0.49651782056534205,0.08353326063249727,0.049563794983642315
46,0.24825966147992828,0.27214847521017527,0.4541984732824427,0.9308069792802617,0.06919302071973832,0.3880597014925373,0.6864686468646864,0.4958283671036948,0.08767720828789531,0.049563794983642315
47,0.2478456344170342,0.2717642034283121,0.4534351145038168,0.9330425299890949,0.06695747001090513,0.39622641509433965,0.66996699669967,0.49795584627964024,0.08380588876772083,0.049563794983642315
48,0.24754826644320688,0.2707203210765169,0.4480916030534351,0.9319520174482007,0.06804798255179934,0.3922441195168468,0.6787678767876788,0.4971796937953264,0.08576881134133042,0.049563794983642315
49,0.2471441348577688,0.2720286894390601,0.45190839694656487,0.9329880043620502,0.0670119956379498,0.3974358974358974,0.682068206820682,0.5022276225192386,0.08505997818974918,0.049563794983642315
50,0.24659059140536138,0.27167203066913226,0.4549618320610687,0.9336423118865868,0.06635768811341325,0.39947780678851175,0.6732673267326733,0.5014338385907415,0.08353326063249727,0.049563794983642315
51,0.24585958037651276,0.27286609852586996,0.4534351145038168,0.9329880043620502,0.0670119956379498,0.3962386511024643,0.6721672167216721,0.49857201142390856,0.08407851690294438,0.049563794983642315
52,0.24556599882216051,0.2708092714994008,0.4541984732824427,0.9329334787350054,0.06706652126499457,0.397444089456869,0.6842684268426843,0.5028294260307195,0.08533260632497273,0.049563794983642315
53,0.24519360001748425,0.27238062119665946,0.4534351145038168,0.931897491821156,0.068102508178844,0.39308176100628933,0.6875687568756875,0.5002000800320129,0.0866957470010905,0.049563794983642315
54,0.24485713872069462,0.2721649739123483,0.4541984732824427,0.9327153762268267,0.06728462377317335,0.3953638119768191,0.6754675467546755,0.4987814784727863,0.0846782988004362,0.049563794983642315
55,0.24412675597247196,0.27164836448567514,0.46030534351145036,0.9327153762268267,0.06728462377317335,0.3960332693538068,0.680968096809681,0.5008090614886731,0.08522355507088332,0.049563794983642315
56,0.24382919637124761,0.272386012505029,0.45572519083969465,0.9324972737186478,0.06750272628135223,0.394888178913738,0.6798679867986799,0.4995957962813258,0.08533260632497273,0.049563794983642315
57,0.24339982964799567,0.2729394769850578,0.45038167938931295,0.9312977099236641,0.06870229007633588,0.389413988657845,0.6798679867986799,0.4951923076923077,0.08653217011995638,0.049563794983642315
58,0.2430597104560239,0.27238551542049144,0.4580152671755725,0.9333696837513631,0.06663031624863691,0.3983105912930474,0.6743674367436744,0.5008169934640523,0.08391494002181026,0.049563794983642315
59,0.2429500157868596,0.27271189098139753,0.45038167938931295,0.9314612868047982,0.06853871319520177,0.3911138923654568,0.6875687568756875,0.4986039090546469,0.0871319520174482,0.049563794983642315
60,0.24211371687332806,0.2723222521880201,0.45190839694656487,0.9327153762268267,0.06728462377317335,0.39629865985960433,0.6831683168316832,0.5016155088852989,0.08544165757906216,0.049563794983642315
61,0.24203099753251853,0.2728310645536612,0.45725190839694657,0.9329334787350054,0.06706652126499457,0.3969171483622351,0.6798679867986799,0.5012165450121654,0.08489640130861505,0.049563794983642315
62,0.24147053814373481,0.2732708297613013,0.4648854961832061,0.9346237731733915,0.06537622682660849,0.40397350993377484,0.671067106710671,0.5043406366267051,0.08233369683751363,0.049563794983642315
63,0.2408992639847852,0.2731350371855816,0.45190839694656487,0.931897491821156,0.068102508178844,0.3938826466916355,0.6941694169416942,0.5025886101154918,0.08735005452562704,0.049563794983642315
64,0.24069188530947055,0.2741774573125912,0.4534351145038168,0.9334242093784079,0.06657579062159213,0.3985695708712614,0.6743674367436744,0.5010216591744994,0.08386041439476553,0.049563794983642315
65,0.24002383925528398,0.27431256070391824,0.46412213740458014,0.9348964013086151,0.06510359869138493,0.40493662441627754,0.6677667766776678,0.5041528239202658,0.08173391494002182,0.049563794983642315
66,0.2394951615887167,0.27432315263129375,0.4618320610687023,0.9314067611777536,0.06859323882224644,0.39004410838059234,0.680968096809681,0.49599358974358976,0.08653217011995638,0.049563794983642315
67,0.2394264245800081,0.2733903843027945,0.45648854961832064,0.9321701199563796,0.06782988004362045,0.3953778888194878,0.6963696369636964,0.5043824701195219,0.08729552889858233,0.049563794983642315
68,0.23913455077154214,0.2748827813235858,0.4450381679389313,0.93113413304253,0.06886586695746999,0.3883984867591425,0.6776677667766776,0.49378757515030064,0.08647764449291166,0.049563794983642315
69,0.23872677046655585,0.276085089636213,0.4687022900763359,0.9342420937840785,0.06575790621592148,0.4021094264996704,0.671067106710671,0.5028854080791426,0.0827153762268266,0.049563794983642315
70,0.2383333806899195,0.27541868591126595,0.46412213740458014,0.9329334787350054,0.06706652126499457,0.3967845659163987,0.6787678767876788,0.5008116883116883,0.08478735005452563,0.049563794983642315
71,0.23785247385649763,0.27537744586704344,0.4633587786259542,0.9340785169029444,0.06592148309705559,0.4024707412223667,0.680968096809681,0.5059256232120964,0.08386041439476553,0.049563794983642315
72,0.2374407577336028,0.2774201047329502,0.47022900763358777,0.9342966194111232,0.06570338058887681,0.4031413612565445,0.6776677667766776,0.5055395978662289,0.08331515812431843,0.049563794983642315
73,0.2371819892026787,0.2768415426479951,0.47022900763358777,0.9337513631406761,0.06624863685932392,0.4002607561929596,0.6754675467546755,0.502660663119116,0.08364231188658669,0.049563794983642315
74,0.2362609522889693,0.277838547539165,0.4717557251908397,0.9357688113413304,0.06423118865866961,0.40967092008059103,0.671067106710671,0.5087572977481234,0.0811886586695747,0.049563794983642315
75,0.23649308761241533,0.27657605204873414,0.47099236641221376,0.9329334787350054,0.06706652126499457,0.3970493906350224,0.680968096809681,0.5016207455429498,0.08500545256270448,0.049563794983642315
76,0.23620119702272183,0.2774717780469938,0.4648854961832061,0.93113413304253,0.06886586695746999,0.38978829389788294,0.6886688668866887,0.4978131212723658,0.08756815703380588,0.049563794983642315
77,0.23582676427353882,0.27854222104749604,0.47557251908396947,0.934351145038168,0.06564885496183204,0.40302432610124916,0.6743674367436744,0.5045267489711934,0.08293347873500545,0.049563794983642315
78,0.23515520489302316,0.2785337039532552,0.47480916030534354,0.9354961832061068,0.06450381679389317,0.407557354925776,0.6644664466446645,0.5052279381012129,0.08080697928026172,0.049563794983642315
79,0.2347674793950427,0.2779834927038382,0.483206106870229,0.9355507088331516,0.06444929116684839,0.4095427435387674,0.6798679867986799,0.5111662531017369,0.08227917121046892,0.049563794983642315
80,0.23470214766146777,0.27924824052184594,0.4778625954198473,0.9344601962922574,0.0655398037077426,0.404060248853962,0.6787678767876788,0.5065681444991791,0.08326063249727372,0.049563794983642315
81,0.2341877309949281,0.27959483393276013,0.4770992366412214,0.9352235550708833,0.06477644492911672,0.40656396517079707,0.6677667766776678,0.5054121565362198,0.08140676117775354,0.049563794983642315
82,0.23390570404102248,0.2806538008096564,0.4679389312977099,0.9326063249727372,0.06739367502726279,0.3971050975456262,0.6941694169416942,0.5052041633306645,0.0866412213740458,0.049563794983642315
83,0.23365001244771616,0.28142971064298206,0.4732824427480916,0.9344601962922574,0.0655398037077426,0.4033003300330033,0.6721672167216721,0.5041254125412541,0.08260632497273719,0.049563794983642315
84,0.23306969093170574,0.2816262112774012,0.46564885496183206,0.9316793893129771,0.06832061068702289,0.3933002481389578,0.6974697469746974,0.5029750099166996,0.08789531079607416,0.049563794983642315
85,0.23259482538854834,0.28189130521002614,0.467175572519084,0.9321155943293348,0.06788440567066523,0.39326556543837354,0.680968096809681,0.4985904148207812,0.08582333696837513,0.049563794983642315
86,0.23241893892798812,0.280809977718892,0.46946564885496184,0.9339149400218103,0.0660850599781897,0.4014313597918022,0.6787678767876788,0.5044971381847916,0.08380588876772083,0.049563794983642315
87,0.23243690659968447,0.28280464620080614,0.47557251908396947,0.9340785169029444,0.06592148309705559,0.4015748031496063,0.6732673267326733,0.5030826140567202,0.08309705561613959,0.049563794983642315
88,0.23188663173789034,0.2828246144393018,0.4801526717557252,0.9357142857142857,0.06428571428571428,0.40939597315436244,0.671067106710671,0.5085452271779908,0.0812431842966194,0.049563794983642315
89,0.23161057330914003,0.28376398955592674,0.4725190839694656,0.933969465648855,0.06603053435114503,0.4027061855670103,0.6875687568756875,0.5079236082893133,0.0846237731733915,0.049563794983642315
90,0.2311124978208387,0.2851130504189557,0.48091603053435117,0.9363140676117775,0.06368593238822251,0.41220338983050847,0.6688668866886689,0.5100671140939598,0.08042529989094875,0.049563794983642315
91,0.23074082002871407,0.2834477959698393,0.4687022900763359,0.9341330425299891,0.06586695747001092,0.4028589993502274,0.682068206820682,0.5065359477124183,0.08391494002181026,0.049563794983642315
92,0.23065877336483234,0.2861009229685514,0.4816793893129771,0.9328789531079608,0.06712104689203924,0.39705882352941174,0.6831683168316832,0.5022240194096239,0.08527808069792803,0.049563794983642315
93,0.23002544129070013,0.28441554121388735,0.47557251908396947,0.9344056706652126,0.06559432933478737,0.40290620871862615,0.671067106710671,0.5035080478745356,0.08255179934569247,0.049563794983642315
94,0.23018198441426066,0.2860397697860048,0.47938931297709925,0.9358233369683752,0.06417666303162484,0.4101876675603217,0.6732673267326733,0.5097875885047897,0.08135223555070883,0.049563794983642315
95,0.2299758792151065,0.28591094581225446,0.4725190839694656,0.9333151581243184,0.06668484187568158,0.3984476067270375,0.6776677667766776,0.5018329938900203,0.08429661941112322,0.049563794983642315
96,0.23007344369625268,0.2855660307498379,0.4763358778625954,0.9338058887677209,0.06619411123227914,0.40154938670109747,0.6842684268426843,0.5061025223759154,0.08446019629225736,0.049563794983642315
97,0.22966884419614975,0.28638254235718996,0.47557251908396947,0.9351690294438386,0.06483097055616138,0.4070385126162019,0.6743674367436744,0.5076604554865425,0.08211559432933478,0.049563794983642315
98,0.22915421971259486,0.28590983589186925,0.47938931297709925,0.9351690294438386,0.06483097055616138,0.4062918340026774,0.6677667766776678,0.5052018310445276,0.08146128680479825,0.049563794983642315
99,0.228970260466185,0.2873109057204414,0.47938931297709925,0.9355507088331516,0.06444929116684839,0.4080808080808081,0.6666666666666666,0.506265664160401,0.08097055616139585,0.049563794983642315
100,0.22884154986745872,0.28702977172291005,0.47557251908396947,0.934732824427481,0.06526717557251904,0.40450928381962864,0.671067106710671,0.5047579644187008,0.08222464558342421,0.049563794983642315
101,0.2287755114052855,0.28782701123761767,0.4770992366412214,0.9329880043620502,0.0670119956379498,0.3963730569948187,0.6732673267326733,0.4989808397880148,0.0841875681570338,0.049563794983642315
102,0.22793191874452756,0.2885299945150623,0.47557251908396947,0.9347873500545256,0.06521264994547438,0.4055299539170507,0.6776677667766776,0.5074135090609554,0.08282442748091604,0.049563794983642315
103,0.22803100406566087,0.28747370579770504,0.47404580152671755,0.934351145038168,0.06564885496183204,0.4049000644745326,0.6908690869086909,0.510569105691057,0.08456924754634679,0.049563794983642315
104,0.2277529904560907,0.28899950721791684,0.47557251908396947,0.9346782988004362,0.06532170119956382,0.4044943820224719,0.6732673267326733,0.5053674649050371,0.08249727371864776,0.049563794983642315
105,0.22743795025118846,0.2886614713960022,0.4763358778625954,0.9344056706652126,0.06559432933478737,0.4035433070866142,0.6765676567656765,0.5055487053020961,0.08309705561613959,0.049563794983642315
106,0.22692321725566553,0.2888127340615251,0.48091603053435117,0.9352780806979281,0.06472191930207194,0.4078249336870027,0.6765676567656765,0.5088953247827886,0.08222464558342421,0.049563794983642315
107,0.2269067043827153,0.28976081741675164,0.47480916030534354,0.9352780806979281,0.06472191930207194,0.40720961281708945,0.671067106710671,0.5068550062318239,0.0816793893129771,0.049563794983642315
108,0.22700293830024032,0.2899616805651716,0.47404580152671755,0.9353871319520175,0.0646128680479825,0.40956749672346004,0.6875687568756875,0.513347022587269,0.083206106870229,0.049563794983642315
109,0.226593372714408,0.2896997631051158,0.47480916030534354,0.9335332606324973,0.06646673936750269,0.39856020942408377,0.66996699669967,0.49979482970865824,0.08331515812431843,0.049563794983642315
110,0.22654197191686934,0.29030391100708763,0.47022900763358777,0.9327699018538713,0.06723009814612868,0.39668367346938777,0.6842684268426843,0.5022204279370206,0.08549618320610687,0.049563794983642315
111,0.2260391794615835,0.291035175050488,0.47480916030534354,0.933969465648855,0.06603053435114503,0.4011780104712042,0.6743674367436744,0.5030775543701272,0.08331515812431843,0.049563794983642315
112,0.22587359931706064,0.2918691002230608,0.4763358778625954,0.9344601962922574,0.0655398037077426,0.40278699402786994,0.6677667766776678,0.5024834437086093,0.0821701199563795,0.049563794983642315
113,0.2256582230613941,0.29127515681827343,0.4801526717557252,0.9344056706652126,0.06559432933478737,0.4021304926764314,0.6644664466446645,0.5010369141435089,0.08189749182115594,0.049563794983642315
114,0.22546493050296199,0.292368534548592,0.46946564885496184,0.9338604143947655,0.06613958560523447,0.40091264667535853,0.6765676567656765,0.5034793286942285,0.08364231188658669,0.049563794983642315
115,0.22496611683690426,0.2930333476940184,0.47938931297709925,0.9327153762268267,0.06728462377317335,0.39629865985960433,0.6831683168316832,0.5016155088852989,0.08544165757906216,0.049563794983642315
116,0.22500832626600714,0.29358347294894793,0.4801526717557252,0.9346782988004362,0.06532170119956382,0.4051214707813526,0.6787678767876788,0.5074013157894737,0.08304252998909488,0.049563794983642315
117,0.22491903898597196,0.29332779500320666,0.4778625954198473,0.9332606324972738,0.06673936750272624,0.3993610223642173,0.6875687568756875,0.5052546483427648,0.08533260632497273,0.049563794983642315
118,0.2244760598286938,0.2927013583765685,0.48244274809160304,0.9357142857142857,0.06428571428571428,0.40902964959568733,0.6677667766776678,0.5073129962390305,0.08091603053435115,0.049563794983642315
119,0.22458068057994257,0.2943472170647774,0.4801526717557252,0.9353326063249727,0.06466739367502727,0.40710932260228033,0.6677667766776678,0.5058333333333332,0.08129770992366413,0.049563794983642315
120,0.22424535914376664,0.294594344837975,0.4732824427480916,0.9314067611777536,0.06859323882224644,0.39045825486503455,0.6842684268426843,0.49720223820943255,0.08685932388222464,0.049563794983642315
121,0.2238163255705454,0.29507073891981866,0.47557251908396947,0.9334787350054525,0.06652126499454747,0.400765794511806,0.6908690869086909,0.507269789983845,0.08544165757906216,0.049563794983642315
122,0.2238085690141293,0.2956259169651352,0.47480916030534354,0.9346782988004362,0.06532170119956382,0.4037308461025983,0.6666666666666666,0.5029045643153527,0.08184296619411123,0.049563794983642315
123,0.22390189962001172,0.2959028598006445,0.48091603053435117,0.9355507088331516,0.06444929116684839,0.4085733422638982,0.671067106710671,0.507910074937552,0.08140676117775354,0.049563794983642315
124,0.22371675944448904,0.29502248195291475,0.4816793893129771,0.9337513631406761,0.06624863685932392,0.40167095115681234,0.6875687568756875,0.5070993914807302,0.08484187568157034,0.049563794983642315
125,0.22382937200789826,0.29539770670519533,0.47404580152671755,0.9334787350054525,0.06652126499454747,0.39882888744307093,0.6743674367436744,0.5012264922322158,0.08380588876772083,0.049563794983642315
126,0.22342783888461687,0.29617039843369986,0.4778625954198473,0.9333151581243184,0.06668484187568158,0.398970398970399,0.682068206820682,0.5034510759236703,0.08473282442748091,0.049563794983642315
127,0.2229532414713441,0.29697785150003797,0.47099236641221376,0.9321155943293348,0.06788440567066523,0.39285714285714285,0.6776677667766776,0.497375857892612,0.08549618320610687,0.049563794983642315
128,0.2231658761551144,0.30078493415854357,0.4770992366412214,0.9345147219193021,0.06548527808069793,0.4018817204301075,0.6578657865786579,0.49895702962035876,0.08113413304252999,0.049563794983642315
129,0.22283053245963566,0.2973280600919068,0.4778625954198473,0.9328789531079608,0.06712104689203924,0.3969270166453265,0.682068206820682,0.5018211250505868,0.0851690294438386,0.049563794983642315
130,0.22251439477951843,0.29721523659829874,0.4770992366412214,0.9349509269356597,0.06504907306434027,0.40657894736842104,0.6798679867986799,0.508851379168382,0.08287895310796074,0.049563794983642315
131,0.22238438889188014,0.29768428711490774,0.47862595419847326,0.9354416575790622,0.06455834242093783,0.40875912408759124,0.6776677667766776,0.509933774834437,0.0821701199563795,0.049563794983642315
132,0.22233494582932103,0.29727651699808716,0.48244274809160304,0.9333696837513631,0.06663031624863691,0.40012763241863436,0.6897689768976898,0.5064620355411956,0.08544165757906216,0.049563794983642315
133,0.22184120495200135,0.29864168321813334,0.47404580152671755,0.9336423118865868,0.06635768811341325,0.40025906735751293,0.6798679867986799,0.5038728088055442,0.0841875681570338,0.049563794983642315
134,0.2219480944341957,0.30052539847279325,0.4763358778625954,0.9338058887677209,0.06619411123227914,0.4002616088947024,0.6732673267326733,0.502050861361772,0.08336968375136314,0.049563794983642315
135,0.22200527625084834,0.2996440423808935,0.4801526717557252,0.9360959651035987,0.06390403489640128,0.4118041582830315,0.6754675467546755,0.5116666666666667,0.08129770992366413,0.049563794983642315
136,0.2216368205454268,0.3016599529117118,0.4801526717557252,0.933587786259542,0.06641221374045803,0.3985554826001313,0.6677667766776678,0.49917763157894735,0.08304252998909488,0.049563794983642315
137,0.221474778864943,0.30114271772726803,0.4801526717557252,0.9363140676117775,0.06368593238822251,0.4131455399061033,0.6776677667766776,0.5133333333333333,0.08129770992366413,0.049563794983642315
138,0.22158631990999866,0.3009541043798432,0.4770992366412214,0.9341875681570339,0.06581243184296615,0.4033722438391699,0.6842684268426843,0.507547939616483,0.08407851690294438,0.049563794983642315
139,0.2213747403174667,0.30096290434589823,0.4778625954198473,0.9351690294438386,0.06483097055616138,0.4062918340026774,0.6677667766776678,0.5052018310445276,0.08146128680479825,0.049563794983642315
140,0.22087751213183132,0.30315832058891995,0.47938931297709925,0.9352235550708833,0.06477644492911672,0.40668896321070236,0.6688668866886689,0.5058236272878536,0.08151581243184297,0.049563794983642315
141,0.22111494582353328,0.30071189717482066,0.4816793893129771,0.9349509269356597,0.06504907306434027,0.4053333333333333,0.6688668866886689,0.5047737650477376,0.08178844056706652,0.049563794983642315
142,0.2208586291949197,0.3032519487479261,0.483206106870229,0.9361504907306434,0.06384950926935662,0.41184387617765816,0.6732673267326733,0.5110647181628393,0.08102508178844056,0.049563794983642315
143,0.22049441346573362,0.3026926669910664,0.4862595419847328,0.9359323882224646,0.0640676117775354,0.41025641025641024,0.6688668866886689,0.508573818485989,0.08080697928026172,0.049563794983642315
144,0.2202657256435406,0.3020546875837195,0.4763358778625954,0.9344601962922574,0.0655398037077426,0.40355497037524685,0.6743674367436744,0.5049423393739703,0.08282442748091604,0.049563794983642315
145,0.22028811402244863,0.3021804076569681,0.4732824427480916,0.9329334787350054,0.06706652126499457,0.3970493906350224,0.680968096809681,0.5016207455429498,0.08500545256270448,0.049563794983642315
146,0.2206129343779539,0.3052123287706885,0.47480916030534354,0.9355507088331516,0.06444929116684839,0.4084507042253521,0.66996699669967,0.5075000000000001,0.08129770992366413,0.049563794983642315
147,0.2204343329650752,0.3052599641885466,0.48091603053435117,0.9348964013086151,0.06510359869138493,0.40556660039761433,0.6732673267326733,0.5062034739454095,0.08227917121046892,0.049563794983642315
148,0.2202728530347609,0.30377807926585654,0.4854961832061069,0.9362050163576882,0.06379498364231184,0.4120026972353338,0.6721672167216721,0.5108695652173914,0.08086150490730644,0.049563794983642315
149,0.21973012626387278,0.3044254016785221,0.4770992366412214,0.9342966194111232,0.06570338058887681,0.40426908150064683,0.6875687568756875,0.5091649694501018,0.08429661941112322,0.049563794983642315
150,0.21957977908238765,0.3062602211045855,0.48396946564885496,0.9355507088331516,0.06444929116684839,0.4077079107505071,0.6633663366336634,0.5050251256281407,0.0806434023991276,0.049563794983642315
151,0.22019349414898617,0.30544694898692704,0.47022900763358777,0.9333151581243184,0.06668484187568158,0.3992297817715019,0.6842684268426843,0.5042561815970815,0.08495092693565975,0.049563794983642315
152,0.219177105216767,0.3084687104206959,0.4854961832061069,0.9351690294438386,0.06483097055616138,0.40654205607476634,0.66996699669967,0.5060240963855421,0.0816793893129771,0.049563794983642315
153,0.2195555125456499,0.3076825700188411,0.4870229007633588,0.9346782988004362,0.06532170119956382,0.4042412193505633,0.671067106710671,0.5045492142266336,0.08227917121046892,0.049563794983642315
154,0.218779550689303,0.3067691322046382,0.4770992366412214,0.9336423118865868,0.06635768811341325,0.40153452685422,0.6908690869086909,0.5078851597250305,0.08527808069792803,0.049563794983642315
155,0.21909647224331247,0.30657206359710404,0.47480916030534354,0.9342420937840785,0.06575790621592148,0.4036340038935756,0.6842684268426843,0.5077551020408163,0.08402399127589967,0.049563794983642315
156,0.2185924161871919,0.3073728019954594,0.4862595419847328,0.9322791712104689,0.06772082878953112,0.3941513032422123,0.682068206820682,0.49959709911361794,0.08576881134133042,0.049563794983642315
157,0.2188236576400656,0.30691549959983533,0.4816793893129771,0.934351145038168,0.06564885496183204,0.4041585445094217,0.6842684268426843,0.5081699346405228,0.08391494002181026,0.049563794983642315
158,0.21885770897779738,0.3085846670483815,0.4778625954198473,0.9334787350054525,0.06652126499454747,0.39882888744307093,0.6743674367436744,0.5012264922322158,0.08380588876772083,0.049563794983642315
159,0.21869568417240223,0.3119945619397491,0.4847328244274809,0.9352780806979281,0.06472191930207194,0.40745672436750996,0.6732673267326733,0.507673164661966,0.08189749182115594,0.049563794983642315
160,0.21821800126308566,0.3101832873948658,0.48244274809160304,0.9322246455834242,0.06777535441657578,0.39363057324840767,0.6798679867986799,0.4985881403791851,0.08560523446019629,0.049563794983642315
161,0.2183936061033608,0.31118037106881613,0.4778625954198473,0.9331515812431843,0.06684841875681569,0.3987220447284345,0.6864686468646864,0.5044462409054163,0.08533260632497273,0.049563794983642315
162,0.21815074836054155,0.3099447648033841,0.4816793893129771,0.9360414394765539,0.06395856052344606,0.4110512129380054,0.671067106710671,0.5098203092352696,0.08091603053435115,0.049563794983642315
163,0.21771915608814005,0.3145664583180697,0.4816793893129771,0.933587786259542,0.06641221374045803,0.3998703823720026,0.6787678767876788,0.5032626427406198,0.0841330425299891,0.049563794983642315
164,0.2179682549230696,0.311649602492347,0.4801526717557252,0.9344601962922574,0.0655398037077426,0.403172504957039,0.671067106710671,0.5037159372419487,0.08249727371864776,0.049563794983642315
165,0.2174621167916063,0.3128714745736304,0.47938931297709925,0.9351145038167938,0.06488549618320616,0.4076265614727153,0.682068206820682,0.5102880658436214,0.08293347873500545,0.049563794983642315
166,0.21756441405675503,0.3146880185331097,0.48244274809160304,0.9323336968375137,0.06766630316248634,0.39304123711340205,0.671067106710671,0.4957334416903698,0.0846237731733915,0.049563794983642315
167,0.2176446516616446,0.3105555060710616,0.4778625954198473,0.9352235550708833,0.06477644492911672,0.40706195869420386,0.6721672167216721,0.5070539419087137,0.08184296619411123,0.049563794983642315
168,0.21756095073563972,0.31198713060553745,0.48244274809160304,0.9349509269356597,0.06504907306434027,0.40482573726541554,0.6644664466446645,0.5031236984589754,0.08135223555070883,0.049563794983642315
169,0.21704156573070418,0.31463726686157345,0.4770992366412214,0.9338604143947655,0.06613958560523447,0.40065359477124185,0.6743674367436744,0.5026650266502665,0.08342420937840785,0.049563794983642315
170,0.21706736451013098,0.31218806186705145,0.47862595419847326,0.933969465648855,0.06603053435114503,0.4016927083333333,0.6787678767876788,0.5047034764826176,0.08375136314067612,0.049563794983642315
171,0.21723717245738863,0.31129411035821636,0.48091603053435117,0.934351145038168,0.06564885496183204,0.40390879478827363,0.682068206820682,0.5073649754500819,0.08369683751363141,0.049563794983642315
172,0.21705681468994933,0.3171728011761003,0.4816793893129771,0.9344056706652126,0.06559432933478737,0.40251989389920423,0.6677667766776678,0.5022755482002482,0.08222464558342421,0.049563794983642315
173,0.21699705850500076,0.31539014359466905,0.4763358778625954,0.933969465648855,0.06603053435114503,0.40207522697795073,0.682068206820682,0.5059159526723787,0.08407851690294438,0.049563794983642315
174,0.21686116994098525,0.3141207066883568,0.4763358778625954,0.9331515812431843,0.06684841875681569,0.3987220447284345,0.6864686468646864,0.5044462409054163,0.08533260632497273,0.049563794983642315
175,0.21645491740179781,0.314871885075824,0.48931297709923666,0.9344601962922574,0.0655398037077426,0.40226817878585724,0.6633663366336634,0.5008305647840532,0.08173391494002182,0.049563794983642315
176,0.21652844497597293,0.3161542191987729,0.4770992366412214,0.9312431842966195,0.06875681570338055,0.3906832298136646,0.6919691969196919,0.4994045256053989,0.08778625954198473,0.049563794983642315
177,0.21620371307175815,0.31571071561966235,0.4770992366412214,0.9320065430752453,0.06799345692475467,0.39276649746192893,0.680968096809681,0.49818913480885313,0.08593238822246456,0.049563794983642315
178,0.21631713497670557,0.3162465656531676,0.47938931297709925,0.9344056706652126,0.06559432933478737,0.40290620871862615,0.671067106710671,0.5035080478745356,0.08255179934569247,0.049563794983642315
179,0.21634062324561878,0.3161377355342603,0.4778625954198473,0.9309705561613959,0.0690294438386041,0.387806411062225,0.6787678767876788,0.49360000000000004,0.08675027262813523,0.049563794983642315
180,0.2162051058027166,0.31740400261096374,0.4854961832061069,0.9346237731733915,0.06537622682660849,0.4033333333333333,0.6655665566556656,0.502283105022831,0.08178844056706652,0.049563794983642315
181,0.215841432789806,0.31763260555631334,0.47099236641221376,0.9306434023991276,0.06935659760087243,0.3871970167806091,0.6853685368536854,0.49483717235901514,0.08773173391494002,0.049563794983642315
182,0.2155124329671898,0.31866316786249177,0.48244274809160304,0.9338058887677209,0.06619411123227914,0.40129449838187703,0.682068206820682,0.5052974735126324,0.08424209378407851,0.049563794983642315
183,0.21594525050243182,0.3186314267739085,0.48091603053435117,0.9340239912758996,0.06597600872410037,0.40208197787898503,0.6798679867986799,0.5053147996729354,0.08380588876772083,0.049563794983642315
184,0.21578274009666454,0.319025398347214,0.47938931297709925,0.9347873500545256,0.06521264994547438,0.40502978160158837,0.6732673267326733,0.5057851239669422,0.08238822246455835,0.049563794983642315
185,0.21541254602246077,0.3197284564262128,0.4725190839694656,0.9346237731733915,0.06537622682660849,0.40397350993377484,0.671067106710671,0.5043406366267051,0.08233369683751363,0.049563794983642315
186,0.21568363809385335,0.31773787759642563,0.47480916030534354,0.9332606324972738,0.06673936750272624,0.3972602739726027,0.66996699669967,0.49877149877149873,0.08358778625954198,0.049563794983642315
187,0.2151391312841196,0.31946865693303467,0.4778625954198473,0.9349509269356597,0.06504907306434027,0.40571049136786186,0.6721672167216721,0.5060041407867494,0.08211559432933478,0.049563794983642315
188,0.2151775796874422,0.321987902708636,0.48854961832061067,0.9348418756815703,0.06515812431842971,0.40629095674967236,0.682068206820682,0.5092402464065708,0.083206106870229,0.049563794983642315
189,0.21550819203812194,0.32184030331728114,0.4854961832061069,0.9356052344601963,0.06439476553980372,0.40860215053763443,0.6688668866886689,0.5073007926574885,0.08113413304252999,0.049563794983642315
190,0.2150650245698724,0.32135512023481705,0.4763358778625954,0.9336968375136314,0.06630316248636858,0.40077569489334197,0.682068206820682,0.504885993485342,0.08435114503816794,0.049563794983642315
191,0.21551010655148564,0.3207135969900903,0.4763358778625954,0.933587786259542,0.06641221374045803,0.3990855649902025,0.6721672167216721,0.5008196721311474,0.08347873500545257,0.049563794983642315
192,0.2149236189782062,0.3183513901615871,0.4816793893129771,0.933587786259542,0.06641221374045803,0.399740428293316,0.6776677667766776,0.5028571428571428,0.08402399127589967,0.049563794983642315
193,0.2147068244243856,0.3237978560778931,0.47938931297709925,0.9332606324972738,0.06673936750272624,0.39792611795204147,0.6754675467546755,0.5008156606851549,0.0841330425299891,0.049563794983642315
194,0.21458228779194077,0.32271235541987964,0.4854961832061069,0.9338604143947655,0.06613958560523447,0.4005235602094241,0.6732673267326733,0.5022568732047601,0.08331515812431843,0.049563794983642315
195,0.2145172810709233,0.32211389780499555,0.48396946564885496,0.9345692475463467,0.06543075245365326,0.4028056112224449,0.6633663366336634,0.5012468827930174,0.08162486368593239,0.049563794983642315
196,0.21460236427517287,0.32029675163385524,0.4763358778625954,0.9328789531079608,0.06712104689203924,0.39705882352941174,0.6831683168316832,0.5022240194096239,0.08527808069792803,0.049563794983642315
197,0.2143239518895953,0.32382522216279996,0.48091603053435117,0.9327153762268267,0.06728462377317335,0.39747634069400634,0.693069306930693,0.5052125100240578,0.08642311886586695,0.049563794983642315
198,0.21437313410077166,0.32354027160251414,0.4854961832061069,0.9338058887677209,0.06619411123227914,0.40013097576948264,0.6721672167216721,0.5016420361247947,0.08326063249727372,0.049563794983642315
199,0.2145038809848437,0.32387299874356684,0.48244274809160304,0.9339149400218103,0.0660850599781897,0.4013029315960912,0.6776677667766776,0.5040916530278231,0.08369683751363141,0.049563794983642315
200,0.21391972549306593,0.32337265157972583,0.47862595419847326,0.9327699018538713,0.06723009814612868,0.3969465648854962,0.6864686468646864,0.5030229746070133,0.08571428571428572,0.049563794983642315
201,0.21462083879398194,0.3241294835359996,0.4870229007633588,0.933969465648855,0.06603053435114503,0.4016927083333333,0.6787678767876788,0.5047034764826176,0.08375136314067612,0.049563794983642315
202,0.21402327171671728,0.3256482029916676,0.4801526717557252,0.9310250817884406,0.06897491821155943,0.38833124215809284,0.680968096809681,0.49460647223332,0.08691384950926935,0.049563794983642315
203,0.21455957777378645,0.3242674548662346,0.4816793893129771,0.9334242093784079,0.06657579062159213,0.3985695708712614,0.6743674367436744,0.5010216591744994,0.08386041439476553,0.049563794983642315
204,0.21426490816161659,0.32521348381770476,0.47480916030534354,0.9327153762268267,0.06728462377317335,0.3956326268464997,0.6776677667766776,0.4995944849959449,0.08489640130861505,0.049563794983642315
205,0.2142411748156745,0.3235714363687821,0.4778625954198473,0.933206106870229,0.06679389312977102,0.39766839378238344,0.6754675467546755,0.5006114961271912,0.0841875681570338,0.049563794983642315
206,0.21376947358060053,0.32713227886280033,0.48854961832061067,0.9346782988004362,0.06532170119956382,0.4041141340411413,0.66996699669967,0.5041390728476821,0.0821701199563795,0.049563794983642315
207,0.2137630078532719,0.3245863472687379,0.4862595419847328,0.9353871319520175,0.0646128680479825,0.408,0.6732673267326733,0.5080946450809465,0.08178844056706652,0.049563794983642315
208,0.21373810301552432,0.3261857163132602,0.47480916030534354,0.9335332606324973,0.06646673936750269,0.39948119325551235,0.6776677667766776,0.5026519787841697,0.08407851690294438,0.049563794983642315
209,0.21349150019762375,0.3245660257930974,0.47480916030534354,0.9315703380588877,0.06842966194111233,0.39146800501882056,0.6864686468646864,0.4986016779864163,0.08691384950926935,0.049563794983642315
210,0.2137056903618168,0.32606369912169364,0.4816793893129771,0.9324427480916031,0.0675572519083969,0.39596469104665827,0.6908690869086909,0.5034068136272545,0.08647764449291166,0.049563794983642315
211,0.21318974755640407,0.3272577922535307,0.48396946564885496,0.9326608505997819,0.06733914940021812,0.3970959595959596,0.6919691969196919,0.5046129161652628,0.08636859323882225,0.049563794983642315
212,0.21377108578441661,0.32897680017329356,0.4816793893129771,0.9320610687022901,0.06793893129770989,0.39301587301587304,0.680968096809681,0.49838969404186795,0.08587786259541985,0.049563794983642315
213,0.2137237495395559,0.328886746268236,0.48091603053435117,0.933969465648855,0.06603053435114503,0.40182054616384916,0.6798679867986799,0.505108295872497,0.08386041439476553,0.049563794983642315
214,0.21338771046129523,0.3288941753274612,0.47862595419847326,0.9336423118865868,0.06635768811341325,0.3997395833333333,0.6754675467546755,0.5022494887525563,0.08375136314067612,0.049563794983642315
215,0.2131485723315998,0.32959830023860204,0.483206106870229,0.9344056706652126,0.06559432933478737,0.4036697247706422,0.6776677667766776,0.5059548254620124,0.083206106870229,0.049563794983642315
216,0.21315788468415328,0.32928347134863145,0.48244274809160304,0.9326608505997819,0.06733914940021812,0.3969658659924147,0.6908690869086909,0.5042151746286632,0.08625954198473282,0.049563794983642315
217,0.21280147764980395,0.33137894600402307,0.4854961832061069,0.9341330425299891,0.06586695747001092,0.4013201320132013,0.6688668866886689,0.5016501650165016,0.08260632497273719,0.049563794983642315
218,0.21310391112533456,0.3285475938602258,0.47557251908396947,0.9328789531079608,0.06712104689203924,0.3969270166453265,0.682068206820682,0.5018211250505868,0.0851690294438386,0.049563794983642315
219,0.21302563828647444,0.33033093020661186,0.47404580152671755,0.9326063249727372,0.06739367502726279,0.39552715654952075,0.680968096809681,0.5004042037186742,0.08533260632497273,0.049563794983642315
220,0.2128153880786113,0.3315209340958195,0.4770992366412214,0.9333696837513631,0.06663031624863691,0.39948619139370584,0.6842684268426843,0.5044606650446066,0.08489640130861505,0.049563794983642315
221,0.21289302267050284,0.33384531772773685,0.47404580152671755,0.9325517993456924,0.06744820065430757,0.39460154241645246,0.6754675467546755,0.49817444219066936,0.08484187568157034,0.049563794983642315
222,0.21266232786753816,0.33095985869414934,0.48396946564885496,0.9336423118865868,0.06635768811341325,0.4022842639593909,0.6974697469746974,0.510261569416499,0.08593238822246456,0.049563794983642315
223,0.21272610677439968,0.33246020704280327,0.4717557251908397,0.9298800436205016,0.07011995637949842,0.3835701050030883,0.6831683168316832,0.4912974683544304,0.08827699018538714,0.049563794983642315
224,0.2126534807816287,0.33312552343798046,0.4816793893129771,0.9332606324972738,0.06673936750272624,0.39672131147540984,0.6655665566556656,0.49712407559572724,0.0831515812431843,0.049563794983642315
225,0.21245598758898476,0.33599850444393303,0.48244274809160304,0.9340239912758996,0.06597600872410037,0.4019543973941368,0.6787678767876788,0.5049099836333879,0.08369683751363141,0.049563794983642315
226,0.21230252040470118,0.3338122260024529,0.4816793893129771,0.9346237731733915,0.06537622682660849,0.4055989583333333,0.6853685368536854,0.5096114519427403,0.08375136314067612,0.049563794983642315
227,0.2123258639454819,0.33368358332237213,0.4847328244274809,0.9320610687022901,0.06793893129770989,0.39260675589547483,0.6776677667766776,0.4971751412429378,0.08555070883315158,0.049563794983642315
228,0.21226540188806206,0.3323093963260869,0.483206106870229,0.9316248636859323,0.06837513631406766,0.3914411579609817,0.6842684268426843,0.4979983987189752,0.0866412213740458,0.049563794983642315
229,0.21207147235689694,0.3366674769925707,0.4900763358778626,0.9332606324972738,0.06673936750272624,0.3988439306358382,0.6831683168316832,0.5036496350364964,0.08489640130861505,0.049563794983642315
230,0.21275692163339255,0.335225536941572,0.4862595419847328,0.9314612868047982,0.06853871319520177,0.3900126422250316,0.6787678767876788,0.495383380168607,0.08625954198473282,0.049563794983642315
231,0.21233782975142138,0.33276390048838755,0.48396946564885496,0.9341875681570339,0.06581243184296615,0.4038709677419355,0.6886688668866887,0.5091500610004067,0.08451472191930207,0.049563794983642315
232,0.21221854261688478,0.33699526111133227,0.4870229007633588,0.9320610687022901,0.06793893129770989,0.39260675589547483,0.6776677667766776,0.4971751412429378,0.08555070883315158,0.049563794983642315
233,0.21185386986661034,0.33326147171377224,0.48854961832061067,0.9352235550708833,0.06477644492911672,0.40718562874251496,0.6732673267326733,0.5074626865671642,0.08195201744820066,0.049563794983642315
234,0.21206289858314276,0.33579453279953875,0.4862595419847328,0.9345147219193021,0.06548527808069793,0.40318302387267907,0.6688668866886689,0.5031030202730659,0.08222464558342421,0.049563794983642315
235,0.21195451200782037,0.3343763149649132,0.4778625954198473,0.9324972737186478,0.06750272628135223,0.39582013932868904,0.6875687568756875,0.502411575562701,0.0860959651035987,0.049563794983642315
236,0.21130981447189723,0.3347377894943907,0.48854961832061067,0.9345692475463467,0.06543075245365326,0.4029352901934623,0.6644664466446645,0.5016611295681063,0.08173391494002182,0.049563794983642315
237,0.21151625294338589,0.337822848876924,0.483206106870229,0.9322791712104689,0.06772082878953112,0.3936102236421725,0.6776677667766776,0.49797898140662894,0.08533260632497273,0.049563794983642315
238,0.21116067333732494,0.34062030963770307,0.48396946564885496,0.9326063249727372,0.06739367502726279,0.39632213062777427,0.6875687568756875,0.5028157683024939,0.08598691384950927,0.049563794983642315
239,0.21179245892747892,0.3386160068384564,0.4816793893129771,0.9330425299890949,0.06695747001090513,0.396361273554256,0.671067106710671,0.4983660130718953,0.08391494002181026,0.049563794983642315
240,0.21179307033870484,0.336657879780267,0.48091603053435117,0.934732824427481,0.06526717557251904,0.404887714663144,0.6743674367436744,0.5059843169624432,0.08255179934569247,0.049563794983642315
241,0.2120679796401907,0.33558282397175565,0.4763358778625954,0.9305888767720829,0.0694111232279171,0.38681592039800994,0.6842684268426843,0.49423917361938813,0.08767720828789531,0.049563794983642315
242,0.21131176194188522,0.3383775952890629,0.47938931297709925,0.9330970556161395,0.06690294438386046,0.39911167512690354,0.6919691969196919,0.5062374245472837,0.08593238822246456,0.049563794983642315
243,0.21140187983864203,0.33597071043407645,0.4816793893129771,0.9332606324972738,0.06673936750272624,0.3983214977404777,0.6787678767876788,0.5020341741253052,0.08446019629225736,0.049563794983642315
244,0.21114299982348161,0.3393566228961217,0.48396946564885496,0.9335332606324973,0.06646673936750269,0.40064102564102566,0.6875687568756875,0.5062778452814904,0.08505997818974918,0.049563794983642315
245,0.21129118284382287,0.33868196745410223,0.48091603053435117,0.9328789531079608,0.06712104689203924,0.3957253886010363,0.6721672167216721,0.4981655116184264,0.0841875681570338,0.049563794983642315
246,0.2108592018470848,0.33781006870833974,0.4900763358778626,0.9352235550708833,0.06477644492911672,0.40718562874251496,0.6732673267326733,0.5074626865671642,0.08195201744820066,0.049563794983642315
247,0.2113738671289325,0.336479363823665,0.48244274809160304,0.9334787350054525,0.06652126499454747,0.4,0.6842684268426843,0.5048701298701299,0.08478735005452563,0.049563794983642315
248,0.21155882683230803,0.33782680971931867,0.4778625954198473,0.9329880043620502,0.0670119956379498,0.3983481575603558,0.6897689768976898,0.5050342327829239,0.08582333696837513,0.049563794983642315
249,0.21086314920990903,0.3410204627586685,0.483206106870229,0.9340239912758996,0.06597600872410037,0.40258899676375404,0.6842684268426843,0.5069274653626732,0.08424209378407851,0.049563794983642315
250,0.21115896701926515,0.3406837781194512,0.48091603053435117,0.932824427480916,0.06717557251908401,0.39587362991618313,0.6754675467546755,0.49918699186991866,0.08456924754634679,0.049563794983642315
251,0.2107913929369641,0.33955374981155834,0.483206106870229,0.9338058887677209,0.06619411123227914,0.40103828682673587,0.6798679867986799,0.5044897959183673,0.08402399127589967,0.049563794983642315
252,0.21094495353295525,0.3408588135060463,0.48854961832061067,0.9358233369683752,0.06417666303162484,0.40945945945945944,0.6666666666666666,0.5073252406864797,0.0806979280261723,0.049563794983642315
253,0.21124856643582102,0.33856829994052423,0.48091603053435117,0.93113413304253,0.06886586695746999,0.3890977443609023,0.6831683168316832,0.4958083832335329,0.08702290076335878,0.049563794983642315
254,0.21099078738580201,0.34011356919321395,0.48396946564885496,0.933206106870229,0.06679389312977102,0.3979328165374677,0.6776677667766776,0.5014245014245015,0.08440567066521265,0.049563794983642315
255,0.21060366393284707,0.34258169914019926,0.4816793893129771,0.9312431842966195,0.06875681570338055,0.3886075949367089,0.6754675467546755,0.493370831659301,0.0861504907306434,0.049563794983642315
256,0.2106959410729948,0.34114865146520484,0.4862595419847328,0.9329880043620502,0.0670119956379498,0.3982188295165394,0.6886688668866887,0.5046352277307538,0.08571428571428572,0.049563794983642315
257,0.21096890883480782,0.340919251705854,0.4862595419847328,0.9338604143947655,0.06613958560523447,0.4010416666666667,0.6776677667766776,0.5038854805725971,0.08375136314067612,0.049563794983642315
258,0.21077278108513978,0.34037513478111675,0.47862595419847326,0.9327153762268267,0.06728462377317335,0.3968253968253968,0.6875687568756875,0.503220611916264,0.08587786259541985,0.049563794983642315
259,0.21057291508949674,0.3398277452656331,0.48244274809160304,0.9322791712104689,0.06772082878953112,0.39481996209728365,0.6875687568756875,0.5016051364365971,0.08631406761177754,0.049563794983642315
260,0.2103084533365657,0.34372520735700623,0.4946564885496183,0.9339149400218103,0.0660850599781897,0.4001318391562294,0.6677667766776678,0.5004122011541633,0.0827153762268266,0.049563794983642315
261,0.21044768370001068,0.3404893937456699,0.48091603053435117,0.9324427480916031,0.0675572519083969,0.3966165413533835,0.6963696369636964,0.5053892215568863,0.08702290076335878,0.049563794983642315
262,0.21065745573675024,0.3466724023564171,0.48396946564885496,0.932824427480916,0.06717557251908401,0.39654067905188983,0.680968096809681,0.5012145748987854,0.08511450381679389,0.049563794983642315
263,0.21027391498201242,0.3405487653180843,0.4862595419847328,0.9329334787350054,0.06706652126499457,0.3970493906350224,0.680968096809681,0.5016207455429498,0.08500545256270448,0.049563794983642315
264,0.21013843951208896,0.34214516454980576,0.4763358778625954,0.9320065430752453,0.06799345692475467,0.3952912019826518,0.7018701870187019,0.5057471264367817,0.08800436205016357,0.049563794983642315
265,0.21064797324814807,0.34411988219687045,0.4847328244274809,0.9321155943293348,0.06788440567066523,0.3944723618090452,0.6908690869086909,0.5021991203518593,0.08680479825517994,0.049563794983642315
266,0.21088510876587954,0.3455205372271647,0.47862595419847326,0.9329880043620502,0.0670119956379498,0.39664082687338503,0.6754675467546755,0.49979649979649976,0.08440567066521265,0.049563794983642315
267,0.20983117371712234,0.34428673097650514,0.4847328244274809,0.9314612868047982,0.06853871319520177,0.3919254658385093,0.6941694169416942,0.5009924573243351,0.08778625954198473,0.049563794983642315
268,0.21008644384563277,0.34542258843665813,0.4816793893129771,0.9322791712104689,0.06772082878953112,0.39278815196394073,0.671067106710671,0.49553208773354995,0.0846782988004362,0.049563794983642315
269,0.21016161609956566,0.34540106877115845,0.4870229007633588,0.9321701199563796,0.06782988004362045,0.39418825015792797,0.6864686468646864,0.5008025682182985,0.08631406761177754,0.049563794983642315
270,0.20998724443206215,0.34575860921208185,0.47938931297709925,0.9329880043620502,0.0670119956379498,0.3974358974358974,0.682068206820682,0.5022276225192386,0.08505997818974918,0.049563794983642315
271,0.20991850732664818,0.34547421743396584,0.48244274809160304,0.9319520174482007,0.06804798255179934,0.39183152520740266,0.6754675467546755,0.49596122778675283,0.08544165757906216,0.049563794983642315
272,0.20999224078941947,0.3462530780839556,0.4816793893129771,0.9346782988004362,0.06532170119956382,0.4054937867887508,0.682068206820682,0.5086136177194421,0.08336968375136314,0.049563794983642315
273,0.2100246828159637,0.3484368781324561,0.48931297709923666,0.9346782988004362,0.06532170119956382,0.4034736138944556,0.6644664466446645,0.5020781379883624,0.08162486368593239,0.049563794983642315
274,0.2098921931274612,0.34834927568453866,0.4816793893129771,0.9321701199563796,0.06782988004362045,0.39445494643982354,0.6886688668866887,0.5016025641025641,0.08653217011995638,0.049563794983642315
275,0.2098135846583619,0.348200677551386,0.4847328244274809,0.9332606324972738,0.06673936750272624,0.39819004524886875,0.6776677667766776,0.5016286644951139,0.08435114503816794,0.049563794983642315
276,0.209703617797687,0.34789345978780556,0.48396946564885496,0.93113413304253,0.06886586695746999,0.3889585947302384,0.682068206820682,0.4954055133839392,0.08691384950926935,0.049563794983642315
277,0.20994592478915147,0.34746899604797366,0.48091603053435117,0.9312977099236641,0.06870229007633588,0.3880025526483727,0.6688668866886689,0.49111470113085615,0.08544165757906216,0.049563794983642315
278,0.209596478724598,0.34857930909586315,0.48854961832061067,0.933587786259542,0.06641221374045803,0.39947950553025374,0.6754675467546755,0.5020441537203598,0.08380588876772083,0.049563794983642315
279,0.20963854007216715,0.3523062465755084,0.48244274809160304,0.9323882224645583,0.06761177753544168,0.39288025889967637,0.6677667766776678,0.49470252648736757,0.08424209378407851,0.049563794983642315
280,0.20989500811865003,0.3477221530812387,0.4816793893129771,0.9341330425299891,0.06586695747001092,0.4023514043109079,0.6776677667766776,0.5049180327868852,0.08347873500545257,0.049563794983642315
281,0.20942567208382573,0.35318934646726563,0.4900763358778626,0.9336423118865868,0.06635768811341325,0.3997395833333333,0.6754675467546755,0.5022494887525563,0.08375136314067612,0.049563794983642315
282,0.2093259047707612,0.3491920361992057,0.483206106870229,0.933206106870229,0.06679389312977102,0.3964613368283093,0.6655665566556656,0.49691991786447637,0.083206106870229,0.049563794983642315
283,0.2093227614392122,0.3522287287102401,0.48244274809160304,0.9324427480916031,0.0675572519083969,0.39490445859872614,0.682068206820682,0.500201694231545,0.08560523446019629,0.049563794983642315
284,0.20960175508669165,0.34829553402107183,0.4854961832061069,0.933206106870229,0.06679389312977102,0.39659685863874344,0.6666666666666666,0.4973327862125564,0.08331515812431843,0.049563794983642315
285,0.20932300765110715,0.3532101140677474,0.48091603053435117,0.9338604143947655,0.06613958560523447,0.4015544041450777,0.682068206820682,0.5055034651447207,0.0841875681570338,0.049563794983642315
286,0.2094523558141758,0.3533063985464227,0.48244274809160304,0.9325517993456924,0.06744820065430757,0.39405684754521964,0.671067106710671,0.4965404965404966,0.08440567066521265,0.049563794983642315
287,0.20944125669890856,0.3519992011649008,0.48244274809160304,0.93113413304253,0.06886586695746999,0.3890977443609023,0.6831683168316832,0.4958083832335329,0.08702290076335878,0.049563794983642315
288,0.2093008739458147,0.3512941757913764,0.483206106870229,0.9326063249727372,0.06739367502726279,0.3967150979153506,0.6908690869086909,0.5040128410914928,0.08631406761177754,0.049563794983642315
289,0.20929603249909745,0.35533329032304634,0.48091603053435117,0.9313522355507088,0.06864776444929122,0.3881074168797954,0.6677667766776678,0.4909017387788112,0.08527808069792803,0.049563794983642315
290,0.209408949710049,0.3518685916452917,0.4816793893129771,0.9326063249727372,0.06739367502726279,0.3959261616804583,0.6842684268426843,0.5016129032258065,0.08565976008724101,0.049563794983642315
291,0.2090196823813256,0.3537760049332189,0.4801526717557252,0.9337513631406761,0.06624863685932392,0.400390625,0.6765676567656765,0.5030674846625767,0.08375136314067612,0.049563794983642315
292,0.2092300335154731,0.35017410628213225,0.4770992366412214,0.9300981461286805,0.06990185387131953,0.386488131466829,0.6985698569856986,0.49764890282131663,0.0895856052344602,0.049563794983642315
293,0.2087844049692791,0.35136638611327603,0.48244274809160304,0.9323882224645583,0.06761177753544168,0.39438417358008937,0.6798679867986799,0.49919224555735053,0.08544165757906216,0.049563794983642315
294,0.20915518596691585,0.35328592184845725,0.4854961832061069,0.9329880043620502,0.0670119956379498,0.3963730569948187,0.6732673267326733,0.4989808397880148,0.0841875681570338,0.049563794983642315
295,0.20854887682578335,0.35455804449001344,0.47862595419847326,0.9312977099236641,0.06870229007633588,0.38955317809943363,0.680968096809681,0.49559647718174543,0.0866412213740458,0.049563794983642315
296,0.2088745282872257,0.35574111560828814,0.4854961832061069,0.9327699018538713,0.06723009814612868,0.3948051948051948,0.6688668866886689,0.4965291955900368,0.08396946564885496,0.049563794983642315
297,0.20862901992960772,0.35244233999543517,0.48854961832061067,0.9349509269356597,0.06504907306434027,0.4062087186261559,0.6765676567656765,0.5076351630210483,0.08255179934569247,0.049563794983642315
298,0.2088436208726523,0.35498143805347326,0.4816793893129771,0.9318429661941112,0.06815703380588878,0.3916083916083916,0.6776677667766776,0.49637389202256244,0.08576881134133042,0.049563794983642315
299,0.20859439646009953,0.3543454313323698,0.4862595419847328,0.9331515812431843,0.06684841875681569,0.39741100323624595,0.6754675467546755,0.5004074979625102,0.08424209378407851,0.049563794983642315
300,0.20850013569921771,0.3536813250707306,0.4908396946564885,0.9342420937840785,0.06575790621592148,0.40236686390532544,0.6732673267326733,0.5037037037037038,0.08293347873500545,0.049563794983642315
301,0.20928473873012368,0.35536386900730715,0.4862595419847328,0.9325517993456924,0.06744820065430757,0.39527458492975737,0.680968096809681,0.5002020202020202,0.08538713195201744,0.049563794983642315
302,0.20858274734721063,0.3537335136464534,0.48091603053435117,0.9329334787350054,0.06706652126499457,0.3955757970071568,0.6688668866886689,0.4971381847914963,0.08380588876772083,0.049563794983642315
303,0.20821829662395355,0.3552918829990707,0.47938931297709925,0.9306979280261723,0.06930207197382765,0.3867334167709637,0.6798679867986799,0.4930195452732349,0.0871319520174482,0.049563794983642315
304,0.20897617403117044,0.3555234230429162,0.48244274809160304,0.9323882224645583,0.06761177753544168,0.3949206349206349,0.6842684268426843,0.5008051529790659,0.08587786259541985,0.049563794983642315
305,0.20843232848428547,0.3568636752494419,0.483206106870229,0.9319520174482007,0.06804798255179934,0.39373040752351096,0.6908690869086909,0.501597444089457,0.08696837513631407,0.049563794983642315
306,0.20827684948680555,0.35592006024058537,0.48091603053435117,0.9311886586695747,0.06881134133042532,0.3883617963314358,0.6754675467546755,0.4931726907630523,0.08620501635768811,0.049563794983642315
307,0.20845871699302337,0.3575979059434119,0.4778625954198473,0.9324972737186478,0.06750272628135223,0.3938024531956101,0.671067106710671,0.4963384865744508,0.08446019629225736,0.049563794983642315
308,0.20846400774715282,0.3558463514533662,0.48091603053435117,0.9345147219193021,0.06548527808069793,0.4049479166666667,0.6842684268426843,0.5087934560327199,0.08375136314067612,0.049563794983642315
309,0.20873966971229202,0.35581506581706857,0.47404580152671755,0.9325517993456924,0.06744820065430757,0.3962025316455696,0.6886688668866887,0.5030132583366814,0.0861504907306434,0.049563794983642315
310,0.20818338534786038,0.35518919748204353,0.48244274809160304,0.9337513631406761,0.06624863685932392,0.4009067357512953,0.680968096809681,0.5046881369751325,0.0841875681570338,0.049563794983642315
311,0.20853341826616204,0.3619883406025763,0.483206106870229,0.9329880043620502,0.0670119956379498,0.39556135770234985,0.6666666666666666,0.49651782056534205,0.08353326063249727,0.049563794983642315
312,0.20841282980147152,0.3545489196558945,0.4778625954198473,0.9324972737186478,0.06750272628135223,0.3963453056080655,0.6919691969196919,0.5040064102564102,0.08653217011995638,0.049563794983642315
313,0.20846282555802584,0.3584523435312373,0.48244274809160304,0.933587786259542,0.06641221374045803,0.39921722113502933,0.6732673267326733,0.5012285012285013,0.08358778625954198,0.049563794983642315
314,0.20816605311298808,0.3580829602388935,0.48244274809160304,0.9302617230098146,0.06973827699018542,0.386780905752754,0.6952695269526953,0.49705072748721985,0.08909487459105779,0.049563794983642315
315,0.20791824922423527,0.36173566036096966,0.4816793893129771,0.9310250817884406,0.06897491821155943,0.38819095477386933,0.6798679867986799,0.4942023190723711,0.08680479825517994,0.049563794983642315
316,0.20811875267471605,0.35756209451733656,0.47938931297709925,0.931897491821156,0.068102508178844,0.3926767676767677,0.6842684268426843,0.4989971921379864,0.08636859323882225,0.049563794983642315
317,0.20815334416034226,0.36062788965592857,0.4816793893129771,0.9323882224645583,0.06761177753544168,0.39465308720560155,0.682068206820682,0.5,0.08565976008724101,0.049563794983642315
318,0.20805230537633174,0.360435307094159,0.48091603053435117,0.9322246455834242,0.06777535441657578,0.394169835234474,0.6842684268426843,0.5002010454362685,0.08604143947655397,0.049563794983642315
319,0.20767136212238535,0.35950112688632413,0.48244274809160304,0.9318429661941112,0.06815703380588878,0.39215686274509803,0.682068206820682,0.497991967871486,0.08620501635768811,0.049563794983642315
320,0.20811361368545755,0.36116941803284275,0.4717557251908397,0.9308615049073065,0.06913849509269354,0.3881619937694704,0.6853685368536854,0.49562450278440734,0.08751363140676117,0.049563794983642315
321,0.20864025095101188,0.35958396332864545,0.48091603053435117,0.9315703380588877,0.06842966194111233,0.3926799007444169,0.6963696369636964,0.5021816739389131,0.08789531079607416,0.049563794983642315
322,0.2081578550424756,0.3598892521539717,0.4801526717557252,0.9334242093784079,0.06657579062159213,0.3985695708712614,0.6743674367436744,0.5010216591744994,0.08386041439476553,0.049563794983642315
323,0.20823008596817486,0.35990268171743584,0.48244274809160304,0.9324427480916031,0.0675572519083969,0.3942307692307692,0.6765676567656765,0.49817739975698666,0.08505997818974918,0.049563794983642315
324,0.2075818412846385,0.36198620950902693,0.4770992366412214,0.9329880043620502,0.0670119956379498,0.39703989703989706,0.6787678767876788,0.5010150223304912,0.08473282442748091,0.049563794983642315
325,0.2079015002778114,0.3604513204052248,0.483206106870229,0.932824427480916,0.06717557251908401,0.397068196303378,0.6853685368536854,0.5028248587570622,0.08555070883315158,0.049563794983642315
326,0.2078844419836793,0.36334898735730703,0.47862595419847326,0.9325517993456924,0.06744820065430757,0.3944658944658945,0.6743674367436744,0.4977669508729192,0.08473282442748091,0.049563794983642315
327,0.20780868768851296,0.3625676078423289,0.4763358778625954,0.9308615049073065,0.06913849509269354,0.3891290920321186,0.693069306930693,0.4984177215189873,0.08827699018538714,0.049563794983642315
328,0.20756228940817753,0.3627585250230236,0.4847328244274809,0.9315703380588877,0.06842966194111233,0.3920099875156055,0.6908690869086909,0.5001991238550377,0.08735005452562704,0.049563794983642315
329,0.20719715304093908,0.3605048262208473,0.47557251908396947,0.9333696837513631,0.06663031624863691,0.39909735654416506,0.680968096809681,0.5032520325203252,0.08456924754634679,0.049563794983642315
330,0.20743127895075075,0.3614719455933753,0.47862595419847326,0.9316793893129771,0.06832061068702289,0.39276807980049877,0.693069306930693,0.5013927576601672,0.08745910577971647,0.049563794983642315
331,0.20749635389456883,0.36199739325137537,0.48396946564885496,0.9330425299890949,0.06695747001090513,0.39649578195976637,0.6721672167216721,0.4987755102040816,0.08402399127589967,0.049563794983642315
332,0.20750257795231103,0.3664844410792562,0.4816793893129771,0.9326063249727372,0.06739367502726279,0.394990366088632,0.6765676567656765,0.49878345498783455,0.08489640130861505,0.049563794983642315
333,0.20761252249110904,0.3631097310371981,0.4862595419847328,0.9351145038167938,0.06488549618320616,0.4061456245824983,0.6688668866886689,0.5054031587697423,0.08162486368593239,0.049563794983642315
334,0.20693074938995643,0.3662957859858302,0.48091603053435117,0.9317339149400218,0.06826608505997822,0.39124920735573876,0.6787678767876788,0.49637972646822204,0.08598691384950927,0.049563794983642315
335,0.2073772420954172,0.3662544150843875,0.4816793893129771,0.9326063249727372,0.06739367502726279,0.39579349904397704,0.6831683168316832,0.5012106537530266,0.08555070883315158,0.049563794983642315
336,0.2074954275210342,0.36646535765123733,0.48244274809160304,0.9305888767720829,0.0694111232279171,0.386107634543179,0.6787678767876788,0.4922217790187475,0.0871319520174482,0.049563794983642315
337,0.20728299090552363,0.36589401443951003,0.48091603053435117,0.933206106870229,0.06679389312977102,0.3978007761966365,0.6765676567656765,0.5010183299389002,0.08429661941112322,0.049563794983642315
338,0.2075905606654064,0.3619458012225974,0.4770992366412214,0.9316248636859323,0.06837513631406766,0.3927905531385954,0.6952695269526953,0.5019857029388404,0.08773173391494002,0.049563794983642315
339,0.20667875396156385,0.36624590331361495,0.47862595419847326,0.9325517993456924,0.06744820065430757,0.39487179487179486,0.6776677667766776,0.498987444309437,0.08505997818974918,0.049563794983642315
340,0.2075164474235461,0.3694640445117732,0.4816793893129771,0.9321701199563796,0.06782988004362045,0.39269698910954515,0.6743674367436744,0.49635627530364373,0.08511450381679389,0.049563794983642315
341,0.20702158750571192,0.3646877549986803,0.4778625954198473,0.9321701199563796,0.06782988004362045,0.39351557533375714,0.680968096809681,0.4987912973408541,0.08576881134133042,0.049563794983642315
342,0.2069134657011844,0.3672900433076247,0.47938931297709925,0.9322791712104689,0.06772082878953112,0.39264990328820115,0.66996699669967,0.49512195121951214,0.08456924754634679,0.049563794983642315
343,0.20727942156118162,0.3653541331982795,0.48931297709923666,0.9333151581243184,0.06668484187568158,0.3981841763942931,0.6754675467546755,0.5010199918400652,0.08407851690294438,0.049563794983642315
344,0.2066398752761902,0.3666251297442968,0.4847328244274809,0.9339149400218103,0.0660850599781897,0.4001318391562294,0.6677667766776678,0.5004122011541633,0.0827153762268266,0.049563794983642315
345,0.207344985345002,0.3683487789093993,0.483206106870229,0.9320065430752453,0.06799345692475467,0.39180537772087065,0.6732673267326733,0.49534601375961146,0.0851690294438386,0.049563794983642315
346,0.2069341783209324,0.36846493698713434,0.48091603053435117,0.934351145038168,0.06564885496183204,0.4042829331602855,0.6853685368536854,0.5085714285714287,0.08402399127589967,0.049563794983642315
347,0.20719956982497564,0.3701427777532403,0.48244274809160304,0.9330970556161395,0.06690294438386046,0.39755154639175255,0.6787678767876788,0.5014221861032101,0.0846237731733915,0.049563794983642315
348,0.20785470426332908,0.36669811465358004,0.47938931297709925,0.9316248636859323,0.06837513631406766,0.3930564166150031,0.6974697469746974,0.5027755749405235,0.08794983642311886,0.049563794983642315
349,0.2067442119383225,0.36857271408306735,0.47862595419847326,0.9338604143947655,0.06613958560523447,0.4007832898172324,0.6754675467546755,0.5030725112658746,0.08353326063249727,0.049563794983642315
350,0.2071196633478366,0.3681118139328847,0.483206106870229,0.9333151581243184,0.06668484187568158,0.3981841763942931,0.6754675467546755,0.5010199918400652,0.08407851690294438,0.049563794983642315
351,0.20679828720844573,0.3732959674969884,0.48244274809160304,0.9342966194111232,0.06570338058887681,0.40326797385620916,0.6787678767876788,0.5059450594505945,0.08342420937840785,0.049563794983642315
352,0.20741703080400573,0.36929729451204985,0.47862595419847326,0.932824427480916,0.06717557251908401,0.39654067905188983,0.680968096809681,0.5012145748987854,0.08511450381679389,0.049563794983642315
353,0.20731813227500048,0.37198175130454636,0.4801526717557252,0.9319520174482007,0.06804798255179934,0.3923809523809524,0.6798679867986799,0.49758454106280187,0.08587786259541985,0.049563794983642315
354,0.20644424206929754,0.3701170654242275,0.4847328244274809,0.933206106870229,0.06679389312977102,0.3978007761966365,0.6765676567656765,0.5010183299389002,0.08429661941112322,0.049563794983642315
355,0.20703734315563463,0.3688907234040835,0.47480916030534354,0.9314612868047982,0.06853871319520177,0.39084065244667504,0.6853685368536854,0.497802636835797,0.08691384950926935,0.049563794983642315
356,0.20598237068001427,0.37227761449704644,0.4847328244274809,0.933206106870229,0.06679389312977102,0.3972691807542263,0.6721672167216721,0.4993870044953003,0.08386041439476553,0.049563794983642315
357,0.20643524978310582,0.3708394336108943,0.48396946564885496,0.9342966194111232,0.06570338058887681,0.4030144167758847,0.6765676567656765,0.5051334702258727,0.083206106870229,0.049563794983642315
358,0.20663731438407326,0.3733232687675316,0.47404580152671755,0.9314612868047982,0.06853871319520177,0.39029003783102145,0.680968096809681,0.4961923847695391,0.08647764449291166,0.049563794983642315
359,0.20667617323631138,0.37529688400166633,0.4854961832061069,0.9326063249727372,0.06739367502726279,0.3947198969735995,0.6743674367436744,0.4979691307879772,0.0846782988004362,0.049563794983642315
360,0.2069250167292205,0.37352938096941884,0.48396946564885496,0.933206106870229,0.06679389312977102,0.3970013037809648,0.66996699669967,0.49856733524355307,0.08364231188658669,0.049563794983642315
361,0.20658102275749998,0.3716005486158924,0.47938931297709925,0.9310250817884406,0.06897491821155943,0.3886107634543179,0.6831683168316832,0.49541284403669716,0.0871319520174482,0.049563794983642315
362,0.20783534462009592,0.37496049913741253,0.4847328244274809,0.9322791712104689,0.06772082878953112,0.39639079029247043,0.7007700770077008,0.5063593004769475,0.0876226826608506,0.049563794983642315
363,0.206570882933994,0.3755646686062558,0.483206106870229,0.930752453653217,0.06924754634678298,0.38753894080996887,0.6842684268426843,0.49482895783611774,0.08751363140676117,0.049563794983642315
364,0.20680088150373827,0.3739008668724817,0.48091603053435117,0.931897491821156,0.068102508178844,0.391304347826087,0.6732673267326733,0.49494541043267287,0.08527808069792803,0.049563794983642315
365,0.20644738151272146,0.3725703067451943,0.48091603053435117,0.9312977099236641,0.06870229007633588,0.39079029247044184,0.6908690869086909,0.4992050874403816,0.0876226826608506,0.049563794983642315
366,0.20635081664947955,0.3740584672179841,0.48854961832061067,0.9346237731733915,0.06537622682660849,0.4037184594953519,0.6688668866886689,0.5035196687370601,0.08211559432933478,0.049563794983642315
367,0.20597666910152487,0.37626863943256494,0.48091603053435117,0.9321701199563796,0.06782988004362045,0.3937856689917565,0.6831683168316832,0.49959774738535795,0.08598691384950927,0.049563794983642315
368,0.20662097556089531,0.37863524396910925,0.47938931297709925,0.9326063249727372,0.06739367502726279,0.3947198969735995,0.6743674367436744,0.4979691307879772,0.0846782988004362,0.049563794983642315
369,0.20648347873523004,0.3733145031765217,0.4862595419847328,0.9336423118865868,0.06635768811341325,0.40012970168612194,0.6787678767876788,0.5034679722562219,0.08407851690294438,0.049563794983642315
370,0.20604916028130893,0.3763402775498747,0.483206106870229,0.9342420937840785,0.06575790621592148,0.4028776978417266,0.6776677667766776,0.505332239540607,0.08336968375136314,0.049563794983642315
371,0.20582809553935477,0.37482042339921906,0.4801526717557252,0.9306434023991276,0.06935659760087243,0.38733705772811916,0.6864686468646864,0.4952380952380952,0.08784078516902945,0.049563794983642315
372,0.2063406507524968,0.37697261362585405,0.4854961832061069,0.9338058887677209,0.06619411123227914,0.39893969516235916,0.6622662266226622,0.4979321753515302,0.08227917121046892,0.049563794983642315
373,0.206802333287552,0.37407422761880715,0.48854961832061067,0.9342966194111232,0.06570338058887681,0.4023746701846966,0.671067106710671,0.5030927835051546,0.0826608505997819,0.049563794983642315
374,0.20660979703629057,0.37425438386338356,0.4854961832061069,0.9330425299890949,0.06695747001090513,0.397427652733119,0.6798679867986799,0.5016233766233765,0.08478735005452563,0.049563794983642315
375,0.2061947991054325,0.37957677099540943,0.4816793893129771,0.9328789531079608,0.06712104689203924,0.3961290322580645,0.6754675467546755,0.49938999593330624,0.08451472191930207,0.049563794983642315
376,0.2062295701558819,0.3756337632887236,0.48091603053435117,0.9321701199563796,0.06782988004362045,0.3949843260188088,0.693069306930693,0.5031948881789137,0.08696837513631407,0.049563794983642315
377,0.20580318932782196,0.3798914828145777,0.47557251908396947,0.9338058887677209,0.06619411123227914,0.4005218525766471,0.6754675467546755,0.5028665028665028,0.08358778625954198,0.049563794983642315
378,0.20580356697654834,0.3779630922634183,0.4801526717557252,0.9324972737186478,0.06750272628135223,0.3943481053307643,0.6754675467546755,0.49797242497972427,0.08489640130861505,0.049563794983642315
379,0.2058885672033163,0.3789582030918762,0.4870229007633588,0.9329880043620502,0.0670119956379498,0.3965071151358344,0.6743674367436744,0.49938900203665987,0.08429661941112322,0.049563794983642315
380,0.2060023668608062,0.3777733385562897,0.4870229007633588,0.9334242093784079,0.06657579062159213,0.39883268482490275,0.6765676567656765,0.5018359853121175,0.08407851690294438,0.049563794983642315
381,0.2058917291293187,0.37916821307353393,0.4847328244274809,0.9334787350054525,0.06652126499454747,0.39856490541422046,0.6721672167216721,0.5004095004095005,0.08358778625954198,0.049563794983642315
382,0.2064465543859263,0.37920499778430883,0.48244274809160304,0.930370774263904,0.06962922573609598,0.38599752168525403,0.6853685368536854,0.4938565200158542,0.08800436205016357,0.049563794983642315
383,0.2063383284638369,0.3816960170068814,0.4854961832061069,0.9297164667393675,0.07028353326063252,0.38414634146341464,0.693069306930693,0.4943114947038054,0.08942202835332606,0.049563794983642315
384,0.20592678735207956,0.38025139706735395,0.4847328244274809,0.933206106870229,0.06679389312977102,0.3975356679636835,0.6743674367436744,0.500203998368013,0.08407851690294438,0.049563794983642315
385,0.20627898034998923,0.3811937334428307,0.4801526717557252,0.9317339149400218,0.06826608505997822,0.3904153354632588,0.6721672167216721,0.49393694421988676,0.08533260632497273,0.049563794983642315
386,0.20580857694234345,0.3828216752705683,0.47862595419847326,0.9322246455834242,0.06777535441657578,0.394169835234474,0.6842684268426843,0.5002010454362685,0.08604143947655397,0.049563794983642315
387,0.20607148457299346,0.38015825141022225,0.4816793893129771,0.9340239912758996,0.06597600872410037,0.40156965336821454,0.6754675467546755,0.5036915504511895,0.08336968375136314,0.049563794983642315
388,0.20627540518341458,0.3807769444152599,0.4778625954198473,0.9316793893129771,0.06832061068702289,0.3904458598726115,0.6743674367436744,0.4945542557482857,0.08560523446019629,0.049563794983642315
389,0.20560377074245917,0.3813839188058868,0.4847328244274809,0.9333151581243184,0.06668484187568158,0.39884020618556704,0.680968096809681,0.5030475416497359,0.0846237731733915,0.049563794983642315
390,0.2060180095616905,0.3806159107284692,0.4801526717557252,0.9324427480916031,0.0675572519083969,0.3953045685279188,0.6853685368536854,0.5014084507042254,0.08593238822246456,0.049563794983642315
391,0.20536431896877688,0.3791230870112208,0.48244274809160304,0.9311886586695747,0.06881134133042532,0.3886435331230284,0.6776677667766776,0.4939855653568565,0.08642311886586695,0.049563794983642315
392,0.2056987684438374,0.38146500949186224,0.4763358778625954,0.9320065430752453,0.06799345692475467,0.3929024081115336,0.682068206820682,0.4985926819461199,0.08604143947655397,0.049563794983642315
393,0.2059979358829144,0.38163222113183437,0.48091603053435117,0.9339149400218103,0.0660850599781897,0.4016872160934458,0.680968096809681,0.5053061224489795,0.08402399127589967,0.049563794983642315
394,0.2054043594811067,0.3845899764590591,0.48244274809160304,0.9320610687022901,0.06793893129770989,0.39260675589547483,0.6776677667766776,0.4971751412429378,0.08555070883315158,0.049563794983642315
395,0.2057954640982601,0.3824830280005477,0.47099236641221376,0.9274263904034896,0.07257360959651038,0.37514792899408284,0.6974697469746974,0.48787995382839555,0.09214830970556162,0.049563794983642315
396,0.20572095559022882,0.3823152538474279,0.4763358778625954,0.9306979280261723,0.06930207197382765,0.3882716049382716,0.6919691969196919,0.4974298141557929,0.08833151581243184,0.049563794983642315
397,0.20560280111175522,0.38350009683889286,0.4816793893129771,0.931897491821156,0.068102508178844,0.39348370927318294,0.6908690869086909,0.5013972055888223,0.08702290076335878,0.049563794983642315
398,0.205468154274671,0.3873951756772194,0.48778625954198473,0.9330425299890949,0.06695747001090513,0.3976908274534958,0.682068206820682,0.5024311183144247,0.08500545256270448,0.049563794983642315
399,0.20608070684448637,0.3823604663137261,0.47557251908396947,0.9312977099236641,0.06870229007633588,0.3903810118675828,0.6875687568756875,0.49800796812749015,0.08729552889858233,0.049563794983642315
400,0.20552631295075466,0.38609112605793783,0.4801526717557252,0.930752453653217,0.06924754634678298,0.38711694809255787,0.680968096809681,0.4936204146730463,0.08718647764449292,0.049563794983642315
401,0.2063423990520682,0.3844819814649247,0.4770992366412214,0.930752453653217,0.06924754634678298,0.38767890479153705,0.6853685368536854,0.49523052464228934,0.0876226826608506,0.049563794983642315
402,0.20559217396140167,0.38107882337715787,0.483206106870229,0.9315703380588877,0.06842966194111233,0.39092055485498106,0.682068206820682,0.4969939879759519,0.08647764449291166,0.049563794983642315
403,0.2056141703450559,0.3859960427721038,0.483206106870229,0.9308615049073065,0.06913849509269354,0.3877423389618512,0.682068206820682,0.4944178628389155,0.08718647764449292,0.049563794983642315
404,0.20577059580945722,0.38714859030628934,0.48931297709923666,0.9329880043620502,0.0670119956379498,0.3975672215108835,0.6831683168316832,0.5026305139619587,0.0851690294438386,0.049563794983642315
405,0.2055658667477562,0.3861303473019418,0.483206106870229,0.9328789531079608,0.06712104689203924,0.3955901426718547,0.671067106710671,0.4977560179518564,0.08407851690294438,0.049563794983642315
406,0.20533214645443537,0.3866717331964551,0.47480916030534354,0.9311886586695747,0.06881134133042532,0.3886435331230284,0.6776677667766776,0.4939855653568565,0.08642311886586695,0.049563794983642315
407,0.20531339356919284,0.38840737784181845,0.48091603053435117,0.9309160305343511,0.06908396946564888,0.38840399002493764,0.6853685368536854,0.49582172701949867,0.08745910577971647,0.049563794983642315
408,0.20528977679305233,0.3882811611162797,0.4862595419847328,0.9342966194111232,0.06570338058887681,0.40339425587467365,0.6798679867986799,0.506349856616141,0.08353326063249727,0.049563794983642315
409,0.20504444648141418,0.38974452767208334,0.48931297709923666,0.9357142857142857,0.06428571428571428,0.40828804347826086,0.6611661166116611,0.5048299034019319,0.08026172300981461,0.049563794983642315
410,0.20580699142778983,0.38921597058536445,0.4900763358778626,0.9310796074154852,0.06892039258451477,0.3875870804306523,0.6732673267326733,0.4919614147909968,0.0860959651035987,0.049563794983642315
411,0.20521687687660678,0.38955422137074797,0.4854961832061069,0.934732824427481,0.06526717557251904,0.40450928381962864,0.671067106710671,0.5047579644187008,0.08222464558342421,0.049563794983642315
412,0.20514443910947897,0.39063718020915983,0.46946564885496184,0.9298800436205016,0.07011995637949842,0.383426097711812,0.682068206820682,0.4908946951702296,0.0881679389312977,0.049563794983642315
413,0.20513844845585752,0.39315020812831764,0.4816793893129771,0.9322791712104689,0.06772082878953112,0.39320076972418216,0.6743674367436744,0.4967585089141004,0.08500545256270448,0.049563794983642315
414,0.2052249297439927,0.3909559788822218,0.47557251908396947,0.929989094874591,0.07001090512540897,0.38433066008636646,0.6853685368536854,0.49249011857707514,0.08838604143947655,0.049563794983642315
415,0.2052421147022613,0.3909678443697573,0.4801526717557252,0.9326063249727372,0.06739367502726279,0.39525944907110827,0.6787678767876788,0.4995951417004048,0.08511450381679389,0.049563794983642315
416,0.2055426006651398,0.39128282554732025,0.483206106870229,0.931515812431843,0.068484187568157,0.39122257053291537,0.6864686468646864,0.49840255591054317,0.08696837513631407,0.049563794983642315
417,0.2051849722617636,0.39306406421970774,0.48244274809160304,0.9323882224645583,0.06761177753544168,0.39518682710576314,0.6864686468646864,0.5016077170418007,0.0860959651035987,0.049563794983642315
418,0.20526140206106794,0.3900330079648331,0.48244274809160304,0.9334787350054525,0.06652126499454747,0.3980327868852459,0.6677667766776678,0.49876746096959734,0.0831515812431843,0.049563794983642315
419,0.20534475319233986,0.39180817030768356,0.4862595419847328,0.9308615049073065,0.06913849509269354,0.38788257339163024,0.6831683168316832,0.4948207171314742,0.08729552889858233,0.049563794983642315
420,0.20511622731468107,0.39139661290718397,0.4870229007633588,0.9338604143947655,0.06613958560523447,0.40039318479685454,0.6721672167216721,0.5018480492813142,0.083206106870229,0.049563794983642315
421,0.20539069080152547,0.3940826396450742,0.483206106870229,0.929989094874591,0.07001090512540897,0.38390092879256965,0.682068206820682,0.491283676703645,0.08805888767720829,0.049563794983642315
422,0.20468226991598104,0.39428397114495284,0.48778625954198473,0.9328789531079608,0.06712104689203924,0.39666238767650835,0.6798679867986799,0.5010133765707336,0.08495092693565975,0.049563794983642315
423,0.20536058219329253,0.3958358070777573,0.48396946564885496,0.9329334787350054,0.06706652126499457,0.39638476436410586,0.6754675467546755,0.499593165174939,0.08446019629225736,0.049563794983642315
424,0.20474676751730939,0.39305264565325876,0.4816793893129771,0.9315703380588877,0.06842966194111233,0.39036755386565275,0.6776677667766776,0.49537595496582226,0.08604143947655397,0.049563794983642315
425,0.205051030940194,0.3949721677840211,0.4847328244274809,0.9324427480916031,0.0675572519083969,0.3947704081632653,0.680968096809681,0.4997981429148163,0.08549618320610687,0.049563794983642315
426,0.20513454205344983,0.3926743103802659,0.483206106870229,0.9330425299890949,0.06695747001090513,0.3986013986013986,0.6897689768976898,0.5052377115229654,0.08576881134133042,0.049563794983642315
427,0.2051690403719762,0.3946216962492193,0.48244274809160304,0.9312431842966195,0.06875681570338055,0.3883248730964467,0.6732673267326733,0.49255533199195173,0.08593238822246456,0.049563794983642315
428,0.20540665020683746,0.3981289052781258,0.48396946564885496,0.9314067611777536,0.06859323882224644,0.3903205531112508,0.6831683168316832,0.4968000000000001,0.08675027262813523,0.049563794983642315
429,0.20443506080939539,0.3940718676980215,0.48244274809160304,0.932824427480916,0.06717557251908401,0.3957391865719819,0.6743674367436744,0.4987794955248168,0.08446019629225736,0.049563794983642315
430,0.20527425630216858,0.39396150030252586,0.483206106870229,0.9321701199563796,0.06782988004362045,0.39418825015792797,0.6864686468646864,0.5008025682182985,0.08631406761177754,0.049563794983642315
431,0.20529338918266507,0.39525859528825485,0.4854961832061069,0.9330425299890949,0.06695747001090513,0.396361273554256,0.671067106710671,0.4983660130718953,0.08391494002181026,0.049563794983642315
432,0.205622201530527,0.39380544847204485,0.4778625954198473,0.9330970556161395,0.06690294438386046,0.39741935483870966,0.6776677667766776,0.5010166734444896,0.08451472191930207,0.049563794983642315
433,0.20458194334433266,0.39460865388844757,0.4778625954198473,0.9326608505997819,0.06733914940021812,0.3949742268041237,0.6743674367436744,0.49817147501015846,0.0846237731733915,0.049563794983642315
434,0.2049089549015123,0.3910758567902878,0.4778625954198473,0.9329334787350054,0.06706652126499457,0.3977055449330784,0.6864686468646864,0.5036319612590799,0.08555070883315158,0.049563794983642315
435,0.20508004414953332,0.3976209532896071,0.4801526717557252,0.9309160305343511,0.06908396946564888,0.38854296388542964,0.6864686468646864,0.4962226640159045,0.08756815703380588,0.049563794983642315
436,0.20500054966859585,0.394269903584291,0.4870229007633588,0.9334242093784079,0.06657579062159213,0.3987012987012987,0.6754675467546755,0.5014291547570437,0.08396946564885496,0.049563794983642315
437,0.20455513418426174,0.4016663574762927,0.4854961832061069,0.9324972737186478,0.06750272628135223,0.3952896244430299,0.6831683168316832,0.5008064516129033,0.08565976008724101,0.049563794983642315
438,0.2048096503265306,0.3987378020095461,0.48931297709923666,0.9319520174482007,0.06804798255179934,0.39305993690851737,0.6853685368536854,0.49959903769045705,0.08642311886586695,0.049563794983642315
439,0.20493298600047208,0.3980461319894281,0.483206106870229,0.9321701199563796,0.06782988004362045,0.391021470396877,0.6611661166116611,0.4914145543744889,0.08380588876772083,0.049563794983642315
440,0.20485953834475987,0.39735617644459237,0.4778625954198473,0.9308615049073065,0.06913849509269354,0.388301182327318,0.6864686468646864,0.4960254372019077,0.0876226826608506,0.049563794983642315
441,0.20451099695902694,0.3983251441981046,0.47480916030534354,0.9302617230098146,0.06973827699018542,0.384375,0.6765676567656765,0.49023515344758867,0.08724100327153762,0.049563794983642315
442,0.20421581059313157,0.3983031338407793,0.48244274809160304,0.932824427480916,0.06717557251908401,0.3950617283950617,0.6688668866886689,0.49673202614379086,0.08391494002181026,0.049563794983642315
443,0.20514714008502594,0.39806607916154935,0.48244274809160304,0.9336968375136314,0.06630316248636858,0.3997387328543436,0.6732673267326733,0.5016393442622951,0.08347873500545257,0.049563794983642315
444,0.20470986485276474,0.39893366325902574,0.48244274809160304,0.9327153762268267,0.06728462377317335,0.395093608779858,0.6732673267326733,0.4979658258746949,0.08446019629225736,0.049563794983642315
445,0.20438613331734304,0.39763338891149475,0.4870229007633588,0.933206106870229,0.06679389312977102,0.3971354166666667,0.671067106710671,0.49897750511247435,0.08375136314067612,0.049563794983642315
446,0.2043963702415824,0.4008509105170956,0.48396946564885496,0.9316248636859323,0.06837513631406766,0.3899170389278877,0.6721672167216721,0.49353796445880455,0.08544165757906216,0.049563794983642315
447,0.20519990015630618,0.3992444246097375,0.4854961832061069,0.9331515812431843,0.06684841875681569,0.39687703318152245,0.671067106710671,0.49877350776778406,0.08380588876772083,0.049563794983642315
448,0.2051812653625528,0.3962524266870877,0.4870229007633588,0.9331515812431843,0.06684841875681569,0.3971447112264763,0.6732673267326733,0.4995918367346938,0.08402399127589967,0.049563794983642315
449,0.2045543590508292,0.39745233270503183,0.47022900763358777,0.9315703380588877,0.06842966194111233,0.3895274584929757,0.671067106710671,0.49292929292929283,0.08538713195201744,0.049563794983642315
450,0.20514424871365336,0.39581773069523674,0.467175572519084,0.9299345692475464,0.07006543075245364,0.38351920693928127,0.680968096809681,0.4906856916369402,0.08800436205016357,0.049563794983642315
451,0.20412571566390228,0.4027122056438723,0.4854961832061069,0.9321701199563796,0.06782988004362045,0.3924213230571612,0.6721672167216721,0.4955393349553933,0.08489640130861505,0.049563794983642315
452,0.2047929874919803,0.4007466444077383,0.4770992366412214,0.9286259541984733,0.07137404580152673,0.3795180722891566,0.693069306930693,0.4904632152588555,0.09051254089422028,0.049563794983642315
453,0.20467282298935988,0.40012767935982185,0.4870229007633588,0.9332606324972738,0.06673936750272624,0.39819004524886875,0.6776677667766776,0.5016286644951139,0.08435114503816794,0.049563794983642315
454,0.2039670423739829,0.4019443355671322,0.4778625954198473,0.9314612868047982,0.06853871319520177,0.3907035175879397,0.6842684268426843,0.4974010395841663,0.08680479825517994,0.049563794983642315
455,0.20436790221166146,0.4034555902917876,0.4870229007633588,0.9334242093784079,0.06657579062159213,0.39641434262948205,0.6567656765676567,0.49440993788819876,0.08211559432933478,0.049563794983642315
456,0.2041811139034301,0.4018203862750803,0.47022900763358777,0.9298800436205016,0.07011995637949842,0.38226108682073706,0.6732673267326733,0.48764940239043825,0.08729552889858233,0.049563794983642315
457,0.20448902038290975,0.3999225608037628,0.47557251908396947,0.9312977099236641,0.06870229007633588,0.3905177791640674,0.6886688668866887,0.49840764331210197,0.08740458015267176,0.049563794983642315
458,0.20439135350783286,0.40137842823075887,0.4854961832061069,0.933206106870229,0.06679389312977102,0.3993630573248408,0.6897689768976898,0.5058491327148044,0.08560523446019629,0.049563794983642315
459,0.2039857562471378,0.4011567836499396,0.4847328244274809,0.9321155943293348,0.06788440567066523,0.39272030651340994,0.6765676567656765,0.496969696969697,0.08538713195201744,0.049563794983642315
460,0.20395715396455236,0.4007389653047532,0.48396946564885496,0.9329880043620502,0.0670119956379498,0.39730423620025673,0.680968096809681,0.5018240778273206,0.08495092693565975,0.049563794983642315
461,0.20431135536537162,0.40294834850853634,0.4816793893129771,0.9330970556161395,0.06690294438386046,0.39741935483870966,0.6776677667766776,0.5010166734444896,0.08451472191930207,0.049563794983642315
462,0.2040857987694896,0.4037193308349784,0.4801526717557252,0.9327699018538713,0.06723009814612868,0.3949416342412451,0.66996699669967,0.4969400244798042,0.08407851690294438,0.049563794983642315
463,0.20428907933251553,0.4056250034625294,0.4862595419847328,0.9314067611777536,0.06859323882224644,0.39004410838059234,0.680968096809681,0.49599358974358976,0.08653217011995638,0.049563794983642315
464,0.20489644691686545,0.4084174778625255,0.48396946564885496,0.9326063249727372,0.06739367502726279,0.3951250801796023,0.6776677667766776,0.49918962722852506,0.08500545256270448,0.049563794983642315
465,0.20426237747559545,0.40362885066571125,0.4854961832061069,0.9334787350054525,0.06652126499454747,0.39922229423201555,0.6776677667766776,0.5024469820554649,0.0841330425299891,0.049563794983642315
466,0.20377432646119292,0.4019109854716381,0.4732824427480916,0.9322791712104689,0.06772082878953112,0.39401654996817315,0.680968096809681,0.49919354838709673,0.08565976008724101,0.049563794983642315
467,0.2038545032725304,0.40494598673500176,0.4908396946564885,0.9324427480916031,0.0675572519083969,0.39299610894941633,0.6666666666666666,0.4944920440636474,0.08407851690294438,0.049563794983642315
468,0.20439229160120614,0.4048649565864155,0.4816793893129771,0.9326063249727372,0.06739367502726279,0.3960584869675779,0.6853685368536854,0.5020145044319098,0.08576881134133042,0.049563794983642315
469,0.20430808061405684,0.405972795859548,0.47862595419847326,0.930752453653217,0.06924754634678298,0.38795779019242704,0.6875687568756875,0.496031746031746,0.08784078516902945,0.049563794983642315
470,0.20429101502720148,0.40617528494077787,0.47862595419847326,0.9329334787350054,0.06706652126499457,0.39783577339274345,0.6875687568756875,0.5040322580645161,0.08565976008724101,0.049563794983642315
471,0.20370733386108633,0.41091169803652144,0.4870229007633588,0.932824427480916,0.06717557251908401,0.3951979234263465,0.66996699669967,0.49714285714285716,0.08402399127589967,0.049563794983642315
472,0.20382647334357487,0.4070991947223212,0.48244274809160304,0.9327153762268267,0.06728462377317335,0.3961661341853035,0.682068206820682,0.5012126111560226,0.08533260632497273,0.049563794983642315
473,0.20415708019626938,0.4083922958556022,0.4854961832061069,0.9317339149400218,0.06826608505997822,0.39055520102105934,0.6732673267326733,0.49434571890145385,0.08544165757906216,0.049563794983642315
474,0.20421624420298537,0.40731080770492556,0.4778625954198473,0.930370774263904,0.06962922573609598,0.385,0.6776677667766776,0.4910322837783978,0.08724100327153762,0.049563794983642315
475,0.20378929256004877,0.4073018608202461,0.4778625954198473,0.9327153762268267,0.06728462377317335,0.3960332693538068,0.680968096809681,0.5008090614886731,0.08522355507088332,0.049563794983642315
476,0.2039377145450701,0.40802091194018153,0.4770992366412214,0.9300436205016358,0.0699563794983642,0.38513513513513514,0.6897689768976898,0.4942845880961766,0.08876772082878953,0.049563794983642315
477,0.20397971687675956,0.4086212057193727,0.4854961832061069,0.9333696837513631,0.06663031624863691,0.3980456026058632,0.6721672167216721,0.5,0.08369683751363141,0.049563794983642315
478,0.20376567312166605,0.4095695646209571,0.4847328244274809,0.9317339149400218,0.06826608505997822,0.39055520102105934,0.6732673267326733,0.49434571890145385,0.08544165757906216,0.049563794983642315
479,0.20465867610167948,0.41108493789006734,0.48778625954198473,0.9324972737186478,0.06750272628135223,0.3936651583710407,0.66996699669967,0.495928338762215,0.08435114503816794,0.049563794983642315
480,0.20434531691784757,0.4140094939533991,0.4816793893129771,0.9317884405670666,0.06821155943293344,0.3906649616368286,0.6721672167216721,0.4941366761019005,0.08527808069792803,0.049563794983642315
481,0.2043181623346957,0.409582583458369,0.4854961832061069,0.9334787350054525,0.06652126499454747,0.39882888744307093,0.6743674367436744,0.5012264922322158,0.08380588876772083,0.049563794983642315
482,0.20347953166675423,0.40884102676205963,0.47938931297709925,0.9329880043620502,0.0670119956379498,0.3975672215108835,0.6831683168316832,0.5026305139619587,0.0851690294438386,0.049563794983642315
483,0.20397684063124596,0.4093891735295303,0.48396946564885496,0.9331515812431843,0.06684841875681569,0.39820166987797045,0.682068206820682,0.5028386050283861,0.08489640130861505,0.049563794983642315
484,0.20350635638216977,0.40988855389238316,0.4870229007633588,0.9324427480916031,0.0675572519083969,0.3958333333333333,0.6897689768976898,0.5030084235860409,0.08636859323882225,0.049563794983642315
485,0.2041456226681134,0.4092281291730531,0.4801526717557252,0.9323336968375137,0.06766630316248634,0.39453621346886913,0.6831683168316832,0.500201369311317,0.08582333696837513,0.049563794983642315
486,0.20364279834556087,0.4094912816777484,0.4816793893129771,0.9316248636859323,0.06837513631406766,0.3907536415452818,0.6787678767876788,0.4959807073954984,0.0860959651035987,0.049563794983642315
487,0.20367599362167926,0.41540068285610837,0.4870229007633588,0.9340785169029444,0.06592148309705559,0.39892183288409705,0.6512651265126512,0.4947764312578353,0.08091603053435115,0.049563794983642315
488,0.203308086682308,0.4130905853655502,0.4717557251908397,0.9308069792802617,0.06919302071973832,0.38549618320610685,0.6666666666666666,0.4885126964933494,0.08571428571428572,0.049563794983642315
489,0.20358918066538115,0.4095517192405599,0.47938931297709925,0.9324972737186478,0.06750272628135223,0.3951561504142766,0.682068206820682,0.5004035512510089,0.08555070883315158,0.049563794983642315
490,0.20364772392880212,0.41119774175054247,0.4732824427480916,0.9294438386041439,0.07055616139585608,0.3825503355704698,0.6897689768976898,0.4921507064364208,0.08936750272628136,0.049563794983642315
491,0.2034234881349865,0.4104889122811893,0.48091603053435117,0.931515812431843,0.068484187568157,0.3901203293223559,0.6776677667766776,0.49517684887459806,0.0860959651035987,0.049563794983642315
492,0.20315163405507228,0.41007743552895903,0.47862595419847326,0.9317884405670666,0.06821155943293344,0.3906649616368286,0.6721672167216721,0.4941366761019005,0.08527808069792803,0.049563794983642315
493,0.20327228334460193,0.4153104437671545,0.4900763358778626,0.9341875681570339,0.06581243184296615,0.4024869109947644,0.6765676567656765,0.5047189167008617,0.08331515812431843,0.049563794983642315
494,0.20328252433615573,0.4150598352419511,0.47862595419847326,0.9322791712104689,0.06772082878953112,0.39481996209728365,0.6875687568756875,0.5016051364365971,0.08631406761177754,0.049563794983642315
495,0.2034192306038805,0.4119127207357465,0.4732824427480916,0.9314067611777536,0.06859323882224644,0.3892063492063492,0.6743674367436744,0.4935587761674718,0.08587786259541985,0.049563794983642315
496,0.2037197016513764,0.41681983982788695,0.4847328244274809,0.932824427480916,0.06717557251908401,0.39587362991618313,0.6754675467546755,0.49918699186991866,0.08456924754634679,0.049563794983642315
497,0.2031946591286287,0.4147770170037073,0.4725190839694656,0.9311886586695747,0.06881134133042532,0.3882203926535782,0.6743674367436744,0.4927652733118971,0.0860959651035987,0.049563794983642315
498,0.20401411558874555,0.41435391049803666,0.4854961832061069,0.9330970556161395,0.06690294438386046,0.39807692307692305,0.6831683168316832,0.5030376670716888,0.08505997818974918,0.049563794983642315
499,0.2036117100378875,0.41503975534712084,0.4816793893129771,0.933206106870229,0.06679389312977102,0.3993630573248408,0.6897689768976898,0.5058491327148044,0.08560523446019629,0.049563794983642315
500,0.204149011156331,0.4152225086707195,0.48244274809160304,0.9312431842966195,0.06875681570338055,0.3883248730964467,0.6732673267326733,0.49255533199195173,0.08593238822246456,0.049563794983642315
