alpha,frame_index_alpha,frame_index_global,used_iterations,frame_bit_errors,is_codeword,ml_invoked,ml_calls_in_frame,error_vn_indices,error_vn_last5_energies,global_max_last5_energies,global_max_vn_indices_last5,ml_proposed_vn_indices,ml_proposed_error_overlap
0.020000,30765,30765,0,7,0,1,107,"153;277;882;963;987;1095;1254","","","","735;36;880;614;151;1190;145;323;616;873;1086;421;359;637;869;1126;963;1254;263;574;838;1273;139;250;578;857;42;13;277;554;830;1255;49;581;970;1280;216;1291;313;590;845;812;945;372;596;748;882;1085;265;1269;154;818;924;593;576;840;1275;44;1084;180;492;688;976;965;23;944;244;346;624;722;910;1113;564;919;1265;287;555;819;553;817;829;962;12;21;276;242;942;1252;938;225;114;832;1283;238;1284;17;306;549;813;1248;583;859;577;856;138;249;1253;853;932;1278;300;266;841;966;1276;45;923;291;568;844;27;153;264;592;1268;1287;588;852;223;2;5;328;606;704;892;1095;1290;546;822;955;855;226;591;1247;926;1293;927;227;947;51;6;315;814;741;365;643;875;1132;959;135;246;297;850;929;33;1250;545;824;160;217;930;1244;234;336;712;900;1103;863;934;551;255;112;34;566;936;1281;257;957;1267;834;259;570;38;940;1285;116;964;1256;14;278;831;281;558;967;1259;543;952;320;925;155;540;1270;493;689;977;181;39;303;580;935;559;1289;231;120;285;562;971;1263;19;240;342;620;718;906;1109;560;836;969;1261;283;815;262;573;837;1272;41;544;862;933;1243;233;335;613;711;899;1102;140;251;579;858;318;611;730;868;1081;410;603;724;1233","963;1254;277;882;153;1095"
0.020000,34083,34083,0,7,0,1,250,"81;432;527;651;669;1045;1184","","","","651;197;228;509;993;1101;196;285;468;995;1216;189;339;527;973;1227;220;501;697;985;1093;278;461;698;988;1209;1184;81;349;434;790;1047;504;392;474;799;1075;58;409;57;796;1029;359;466;493;671;1193;194;283;209;649;1214;469;535;659;981;1235;286;652;996;1217;347;61;386;793;1069;1178;770;1027;1164;105;329","651;527;1184;81"
0.020000,39832,39832,0,11,0,1,136,"8;113;114;547;629;752;895;896;938;1099;1248","","","","880;746;151;614;735;1190;152;276;623;742;1093;47;370;594;421;1083;8;331;609;707;895;1098;229;540;858;929;1293;272;549;825;958;1250;1166;470;772;1029;63;181;519;697;1019;1219;108;752;547;890;625;826;932;1201;378;1103;219;633;891;286;1277;1248;938;110;221;828;934;1279;813;17;238;896;113;114;1099;292;1206;383;630;639;704;1109;332;610;708;751;9;280;627;884;1097;156;118;510;652;994;1102;198;557;836;942;1287;146;875;416;1239;138;316;728;866;1133;730;291;1108;224;552;831;937;1282;703;638;15;1246;832;1257;965;279;236;338;1105;556;811;616;714;902;936;629;748;886;649;991;195;226;507;282;158;1253;275;241;816;941;1251;961;11;20;112;1281;290;637;702;894;1107;223;551;830;382;1205;750;142;870;726;966;1235;412;613;732;871;605;253;581;860;320;1089;183;455;692;982;619;738;876;148;1203;640;906;1216;393;899;1112;123;117;295;642","8;895;752;547;1248;938;896;113;114;1099;629"
0.020000,187741,187741,0,8,0,1,129,"116;132;260;294;571;641;1025;1225","","","","266;1085;493;689;977;181;45;577;841;966;1276;155;540;819;925;1270;294;116;641;706;898;1111;30;571;847;926;1272;205;477;660;1004;1225;386;633;754;899;1209;227;555;834;940;1285;225;1283;832;114;938;553;4;590;990;1098;194;506;648;1289;854;394;40;363;1130;124;708;907;739;873;1217;15;1246;236;811;936;547;556;965;279;1105;616;714;902;338;1257;919;840;219;584;848;23;287;1265;52;564;260;149;588;813;1264;322;144;734;872;748;49;372;596;615;882;172;681;1025;444;1192;315;257;680;1022;688;1210;376;510;538;1010;622;908;519;661;1003;21;344;207;238;720;311;943;852;1287;47;223;2;923;810;968;843;268;579;1278;370;594;746;880;1083;517;659;1001;1109;355;489;667;989;1189;576;134;245;1277;299;35;931;573;958;1249;133;604;723;915;1128;168;440;677;1021;1188;310;167;439;676;1020;1241;46;587;863;942;1288;132;603;722;914;1127;850;956;402;243;595;716;1247;130;954;913;241;569;647;1245;1223;400;1125;308;601;912","294;116;641;571;1225;260;1025;132"
0.020000,188629,188629,0,8,0,1,158,"13;312;828;838;944;963;1254;1263","","","","11;1242;232;543;861;932;828;334;612;710;898;1101;961;1253;552;275;38;259;579;855;934;1280;302;570;834;959;1269;361;639;737;871;1128;918;682;1024;1132;174;148;587;812;486;1263;312;48;589;811;944;1290;134;605;724;916;1129;169;441;678;1022;1189;1142;1059;93;211;495;673;995;1195;446;802;276;880;1093;459;152;742;187;623;696;986;1207;962;1254;553;829;12;726;327;412;142;4;1235;703;891;1094;13;712;900;1103;277;614;963;1255;234;1244;830;554;545;863;336;608;741;365;727;865;42;315;643;137;875;733;1084;1190;421;321;151;735;143;817;153;950;0;21;242;318;942;1252;541;264;592;923;1268;114;225;832;938;1283;926;248;226;591;5;576;41;573;837;1272;262;138;249;577;856;852;958;718;917;1227;404;597;245;1249;258;586;971;1262;147;236;547;936;1246;15;127;951;566;238;845;711;305;717;909;1122;1220;397;598;644;910;51;847;1282;218;374;750;884;1087;947;1293;583;814;850;221;309;862;921;1285;941;1287;45;816;1251;835;1286;228;241;117;20;556;838;263;574;1273;559;120;285;562;231;1289;244;23;555;819;839;945;121;560","828;1263;312;944;1254;13;963;838"
0.020000,209141,209141,0,10,0,1,114,"160;167;750;930;984;1017;1087;1199;1205;1238","","","","179;1199;517;695;1017;1217;322;451;688;978;329;264;491;687;975;1083;167;310;439;676;1020;1241;371;505;683;1005;1205;252;533;675;1125;160;930;744;545;824;623;1275;430;889;217;284;631;750;888;1101;1262;561;195;467;650;994;1215;970;20;837;874;1087;608;1238;415;145;146;270;617;736;729;740;364;642;41;1131;51;374;598;884;691;979;183;495;268;541;817;950;1242;9;230;859;0;1294;267;820;926;1271;318;156;159;622;429;743;1198;283;749;216;887;1100;630;544;823;929;1274;500;696;984;1092;678;1000;1200;366;219;188;162;54;405;792;1079;1180;161;632;751;1102;285;325;603;755;2;538;172;389;257;680;1022;1130;92;350;776;1063;1164;662;200;185;274;457;694;262;573;962;305;582;858;937;1283;1272;1030;193;410;797;59;1185;989;1097;224;701;738;362;154;883;1193;148;272;619;876;1089;39;424;640;872;1129;164;307;673;436;592;814;947;315;1282;1293;218;583;847;918;734;1246;615;4;1085;144;821;954;48;1290;312;944;595;747;1084;844;969;1279;589;811;269;881;580;924;853;3;1265;261;150;920;1288;103;456;758;1069;1152;34;298;575;851;1276;1240;213;166;309;438;363;997;1197;1019;497","1199;1017;167;1205;160;930;750;1087;1238;984"
0.020000,238604,238604,0,5,0,1,173,"44;555;940;965;1256","","","","754;633;386;116;899;1209;110;288;635;892;1105;602;324;1;888;1091;215;246;527;669;1011;1119;365;499;677;999;1199;304;433;670;1014;1235;1250;135;853;959;574;946;557;25;1256;821;958;549;258;569;8;37;272;825;833;1268;134;245;573;852;1249;240;19;551;815;940;216;823;497;693;981;1089;185;581;845;970;1280;159;544;49;929;1274;812;945;590;313;372;596;748;882;1085;1291;196;227;995;1234;285;468;346;1216;658;980;650;992;1100;651;508;534;620;1261;342;969;718;906;1109;560;836;283;886;877;741;427;157;1196;149;273;1090;739;45;309;586;862;941;1287;266;577;841;966;1276;368;1081;744;878;646","1256;940"
0.020000,278959,278959,0,5,0,1,169,"401;483;594;1010;1118","","","","688;180;265;492;976;1084;179;322;451;978;1199;172;376;510;1010;1210;257;538;680;1022;1130;315;444;681;1025;1192;1061;1170;378;387;804;1144;97;95;460;785;363;90;448;536;774;1162;101;398;1072;1173;493;76;344;483;1042;1179;489;1063;1146;365;450;394;806;781;1068;1169;1149;439;764;1040;411;427;760;1047;1148;522;88;776;1161;1064;423;366;807;98;1052;1147;756;1067;1150;382;464;789;1065;1174;369;454","1010;483"
0.020000,410776,410776,0,0,0,1,119,"","","","","275;741;1206;828;961;1253;151;622;11;879;1092;985;552;695;186;458;531;193;343;655;977;1231;85;382;769;1056;1157;165;250;673;1015;1123;662;1004;200;520;208;1112;239;350;538;984;1238;207;296;479;1006;1227;705;115;293;640;897;1110;6;607;893;1096;329;1214;904;121;391;638;763;1039;1050;525;376;75;410;438;54;1148;79;430;461;1074;1151;84;352;793;1187;86;421;449;774;1159;437;283;466;514;692;1014;194;176;326;649;993;201;473;1221;351;539;663;513;1239;232;656;1000;997;1105;290;1183;56;798;66;334;775;1032;1169;94;486;1065;778;1166;472;999;1220;289;231;512;654;996;1104;664;241;522;210;1114;1229;1240;986;209;298;481;1008;202;220;1093;697;189;501;1132;1024;174;259;682;237;20;621;719;907;660;1002;206;518;333;1031;1168;55;390;797;1073;1182;65;270;823;956;1248;856;227;547;927;1291;592;816;540;53;949;1295;317;941;152;263;1251;591;922;1267;113;383;630;751;896;1108;291;937;224;703;895;831;1282;1046;784;521;482;1041;1178;426;759;1147;69;476;1035;1172;404;757;1033;1142;1040;1141;515;432;807;337;420;116;1209;899;386;633;706;898;1111;294;555;834;940;1285;641;754;108;286;378;625;746;752;890;1103;1201;891;219;826;932;1277;240;1113;297;480;1005;1007;1228;768;1055;1156;381;530;772;419;447;1048;865;599;720;136;406;32;355;731;1122;608;727;137;315",""
0.020000,457022,457022,0,4,0,1,133,"157;619;885;905","","","","1039;341;480;1148;1140;1176;75;410;438;763;73;68;419;514;806;782;157;885;620;741;886;1196;281;628;747;427;1098;268;542;821;927;1272;130;647;714;913;1223;720;241;308;569;848;954;1245;400;912;1125;601;191;1229;463;700;990;280;529;653;975;503;699;987;1095;222;1211;455;92;780;1056;1165;76;522;760;1047;1147;426;521;759;1046;482;1041;1178;343;784;454;779;1055;1164;91;619;740;156;1195;366;500;876;1064;98;162;451;678;1000;1200;807;742;644;43;1133;1079;219;696;984;1092;405;188;792;54;1180;905;148;272;738;1089;18;717;1108;437;762;1038;74;409;204;235;516;658;201;656;1221;473;290;603;2;325;879;275;622;151;755;889;1226;1208;338;526;650;972;277;460;697;575;307;1274;264;860;839;964;939;1285;584;610;731;147;417;1240","157;885;619;905"
0.020000,465361,465361,0,8,0,1,143,"27;38;44;265;726;871;1084;1269","","","","27;726;568;844;923;1269;350;628;291;914;1117;248;559;823;948;1258;965;1275;832;859;580;279;252;265;141;840;15;1257;44;556;576;1256;966;16;557;833;967;143;254;582;861;280;290;26;112;637;702;894;1107;201;473;656;1000;1221;922;1268;567;843;371;48;595;747;881;1084;167;505;683;1005;1205;103;456;758;1069;1152;312;589;811;944;1290;969;1279;269;123;713;234;905;1118;640;1216;301;393;906;594;707;562;841;947;1292;605;871;412;142;1235;607;864;1131;136;314;43;964;575;264;1274;839;860;939;1285;584;366;742;1133;307;876;644;579;968;1278;858;268;1255;47;140;251;38;302;855;934;1280;674;30;1261;826;951;166;1016;1124;532;810;588;311;370;746;880;1083;1289;943;33;297;574;850;929;160;217;545;824;930;866;565;829;954;1264;634;732;356;1123;180;492;688;976;154;593;818;924;402;716;915;1225;124;132;714;1119;308;585;940;1286;367;645;743;877;1080;209;1113;240;663;298;481;493;671;993;1193;521;359;664;1008;1229;720;1251;247;960;406;854;599;865;703;1222;1001;202;474;895;1108;657;113;638;361;737;959;259;639;570;834;1128;606;321;614;733;727;872;1236;413;55;793;797;390;1182;501;472;1026;1181;1073;377;462;764;1075;1158;1030;1185;59;410;88;441;1054;1137;1187;105;386;84;468;437;352;1178;1050;912;129;1115;399;130;601;1125;25;348;626;724;646;1074;384;466;791;1067;1176;400;495;787;1175","27;726;1269;265;44;1084;871;38"
0.020000,465745,465745,0,5,0,1,117,"96;449;686;974;1168","","","","88;1052;1161;772;1054;1137;423;451;776;356;441;385;534;797;1059;1160;170;255;536;678;1020;1128;313;442;679;1023;1190;374;508;686;1008;1208;774;1168;472;1031;65;90;387;333;1061;1162;86;421;449;1050;1159;1163;425;358;453;778;443;799;1056;1139;198;660;1236;982;348;652;229;653;997;1218;287;1102;994;510;470;94;1167;1060;447;803;1065;1166;391;486;1143;362;782;1058;429;457;773;535;96;431;459;784;1169;89;386;974;178;1082;263;177;320;490;976;1197;332;1030;85;420;1049;1158;64;448;471;1145;1062;364;805;95;458;1066;779;487;392;1144;363;804;430;783;765;412;440;1041;378;527;324;463;1076;1150;81;56;77;1153;1057;444;91;800;1140;93;428;781;359;456;532;770;383;407;1230;721;866;137;72;760;1036;600;1182;435;502;794;1027;347;432;788;1045;55;390;1073;79;84;419;1048;1157;684;318;1195;175;1228;340;528;190;767;1043;798;357;414;1055;1152;1138;1155;83;380;529;82;445;1046;417;350;791;1185;379;1053;1154;766;393;780;1067;488;145;256;729;874;323;616;735;873;1086;608;584;863;969;1260;415;1238;519;757;424;73;1044;98;1069;1170;395;990;206;668","686;1168;449;96;974"
0.020000,474647,474647,0,11,0,1,104,"62;78;141;161;429;644;727;749;872;1026;1181","","","","551;1252;940;827;960;10;19;240;815;274;1250;112;223;830;936;1281;536;1236;255;678;1020;1128;198;348;660;982;170;90;387;774;1061;1162;162;169;1022;312;441;366;500;1000;1200;1189;528;1120;247;670;1012;671;305;434;1015;330;62;469;771;1028;1165;180;518;1018;1218;7;608;706;894;1097;696;78;429;1049;1181;1151;413;766;1042;346;485;787;762;1044;524;1150;634;755;900;1210;117;794;1070;1179;106;1026;1135;397;479;804;508;800;1033;1134;60;55;406;501;793;769;467;328;1163;141;411;252;580;859;965;1256;612;731;869;1082;604;725;870;1234;319;177;515;693;327;1215;165;250;531;673;1123;127;644;238;566;845;951;1242;909;1122;910;1220;711;598;717;666;648;1224;336;1116;186;243;212;1024;1008;606;727;872;143;516;694;1016;1216;178;5;704;892;1095;1187;1031;798;477;395;506;802;1078;1186;54;471;796;792;1180;461;405;389;1157;376;763;1074;1079;1072;1048;77;772;435;447;1149;428;419;791;1185;84;350;523;761;82;374;686;1208;679;1023;313;442;1190;119;703;297;1212;636;902;709;901;1114;230;558;837;943;1288;1013;529;1121;248;493;993;1193;163;209;359;161;624;632;889;285;1102;218;546;825;931;1276;431;745;751;890;437;409;375;74;107;460;1038;1147;1073;1156;885;52;1088;630;896;1206;113;599;383;144;734;640;1085;39;362;322;1129;738;615","62;78;429;1181;1026;141;644;727;872;161"
0.020000,489401,489401,0,2,0,1,113,"1003;1227","","","","56;391;765;794;1027;1159;463;473;798;1074;1183;324;1076;407;502;1182;438;1051;1134;106;387;469;1070;1179;85;353;778;1065;705;904;1214;486;121;638;94;1166;669;215;246;527;1011;1119;207;357;491;991;1191;432;303;214;1013;1234;1003;1227;1111;519;661;296;662;1006;238;479;433;365;499;677;999;1199;304;670;1014;1235;511;173;377;689;1211;212;301;484;667;1232;25;557;821;946;1256;135;574;853;959;1250;687;179;975;1083;264;396;783;99;1171;1017;533;517;673;1217;307;436;329;1238;695;675;164;1125;252;167","1003;1227"
0.020000,494511,494511,0,17,0,1,113,"190;303;317;341;348;426;502;532;729;749;770;992;997;1046;1109;1164;1232","","","","310;1020;1288;603;722;914;1127;167;439;676;132;1241;942;46;587;863;332;896;698;182;1220;9;610;708;520;1099;64;471;773;1030;1167;619;156;426;740;885;1195;148;272;738;876;1089;18;341;717;905;1108;646;711;744;878;45;368;299;1116;1081;903;713;912;1222;121;129;399;418;259;812;918;1263;611;732;877;123;906;707;393;1216;234;562;841;947;1292;640;1118;594;301;14;337;1104;615;901;729;317;867;417;139;1080;731;1240;147;608;137;330;727;1132;7;315;1097;865;1238;415;145;706;894;874;158;748;991;195;282;226;507;649;886;629;62;469;771;1028;1165;180;518;696;1018;1218;383;102;465;790;1066;1175;113;630;1206;86;532;770;1057;1158;751;446;816;949;1295;53;174;540;683;973;1194;28;351;915;1270;249;560;824;1259;292;569;845;924;51;592;814;1293;583;847;374;750;884;218;1087;1282;598;30;917;251;1120;1272;294;571;826;951;1261;926;631;353;296;928;573;849;32;1274;118;479;1227;1113;662;1006;207;643;900;389;1072;796;54;1181;1164;636;703;902;1212;119;538;776;1063;92;255;536;678;1128;170;248;576;855;961;1252;866;1230;407;600;721;303;125;596;907;1281;39;580;856;935;214;432;669;1013;1234;715;205;1109;517;667;989;660;355;236;659;1001;1189;477;489;1004;1225;695;71;1042;329;422;809;1143;1217;179;1017;1123;718;1015;128;599;250;910;634;673;165;531;33;356;306;1048;82;428;761;772;1157;791;419;447;350;1185;77;84;523;435;1149;789;1174;382;101;1065;464;105;402;497;1076;1177;348;1046;80;1183;433;1067;369;1150;454;493;785;756;1173;398;617;146;270;41;364;642;736;1131;190;462;974;502;986;1210;221;528;652;1228;279;1094;699;340;443;764;1152;768;1044;1153;431;526;1051;404;134;499;69;757;1033;1142;107;597;1078;1179;267;541;820;1271;280;627;746;800;91;413;508;444;1134;359;1140;58;475;639;704;114;620;19;342","426;341;729;317;532;770;1164;303;1109;348;1046;190;502"
0.020000,497564,497564,0,16,0,1,115,"66;143;378;382;391;414;424;473;516;808;866;889;903;1000;1065;1216","","","","121;391;638;705;904;1214;299;646;711;903;1116;232;560;839;945;1290;1065;473;798;1074;1183;94;486;778;56;1166;624;1200;161;910;890;431;153;881;722;745;23;346;277;1094;1113;743;889;218;546;825;931;1276;632;1102;285;751;162;678;1000;366;500;180;323;452;689;979;744;623;160;1199;154;882;430;1095;45;368;278;1081;878;625;382;769;531;85;1056;1157;112;629;750;895;1205;101;464;789;1174;328;1045;1154;60;416;1026;1163;81;467;444;866;137;600;721;634;732;1123;356;407;1230;33;138;316;609;728;1133;1120;305;1012;247;528;670;434;671;1015;1236;633;752;604;1103;3;326;286;1093;702;108;378;765;460;785;1061;1170;527;97;1052;1153;891;1201;746;143;413;733;321;1084;254;582;861;967;1258;872;606;614;727;871;883;155;647;1096;46;369;279;1082;879;626;644;127;397;1220;12;335;613;899;830;936;223;551;1281;1265;13;963;1255;566;255;554;34;955;842;1267;289;25;921;845;951;1242;238;171;537;1009;443;509;375;1209;314;687;1191;256;1129;679;680;1024;1021;993;466;197;209;283;1101;228;1193;194;651;359;649;493;797;1182;1030;88;1137;55;390;472;1073;441;59;410;1054;1185;505;502;794;1027;324;1076;1159;463;96;459;784;1060;1169;80;526;764;1051;1152;414;442;767;1043;63;79;801;1034;1135;144;607;873;1237;912;1222;129;399;713;424;89;777;1053;1162;73;519;757;1044;1145;617;738;313;170;725;917;1130;135;1023;1291;49;590;812;1190;694;498;516;1016;1216;185;457;178;984;274;982;1090;186;217;676;998;106;1077;1178;1198;403;214;790;364;5;704;892","391;903;1065;473;889;1000;382;866;378;143;414;424;516;1216"
0.020000,521091,521091,0,7,0,1,104,"82;120;282;329;559;1070;1213","","","","27;823;948;1258;350;248;559;568;844;923;1269;291;628;726;914;1117;1013;163;529;671;1121;214;303;432;669;1234;175;325;513;691;1213;120;1115;231;838;944;1289;298;645;710;902;637;903;390;704;351;663;985;201;629;915;28;1118;1049;1186;83;539;436;1239;727;792;82;770;766;1154;1155;528;379;417;1046;1053;445;435;791;1048;1185;290;1105;232;655;997;473;656;1000;1221;458;783;95;275;695;186;1206;1168;430;1059;760;1071;373;105;1070;1040;1171;491;396;74;99;1177;342;481;775;1160;1051;334;91;1062;1163;537;422;388;1032;1169;87;66;450;88;772;385;534;441;797;1054;1137;451;423;776;1052;1161;356;444;769;81;416;1045;1179;387;104;469;794;372;457;759;1153;106;329;61;468;1027;1164;179;517;1017;1217;6;607;705;893;1096;2;603;755;889;1092;57;1077;464;371;167;505;683;1005;1205;48;595;747;881;1084;103;456;758;1069;1152;361;446;802;1142;93;684;974;260;318;447;1195;1025;1133;487;855;137;576;961;1252;5;591;926;1290;38;302;579;934;1280;226;176;261;488;972;1080;685;975;319;448;326;1214;1196;514;692;1014;191;653;687;1229;341;264;1083;1009;178;1209;375;321;1198;171;977;509;383;532;86;1057;1158","559;1213;120;82;1070;329"
0.020000,672230,672230,0,6,0,1,108,"74;326;409;1076;1146;1177","","","","990;1098;463;506;648;194;206;356;490;668;1190;225;280;191;700;1211;58;1076;475;800;393;1185;409;504;796;1029;1184;326;465;767;1078;1161;164;1202;530;672;1014;1122;368;502;680;1002;249;436;307;673;1017;1238;723;1114;133;311;604;915;24;625;911;347;1128;868;1232;139;602;74;762;1038;1147;437;792;1049;351;1186;1146;83;761;1037;73;408;56;765;1159;324;105;402;497;789;1177;288;565;841;920;1266;245;556;820;945;1255;97;365;450;806;1063;378;460;1061;1170;489;781;1169;394;1068;785;999;499;677;215;1199;42;643;741;875;1132;104;385;405;1079;1180;500;467;54;109;379;626;747;892;182;271;454;691;981;361;639;38;737;170;255;536;678;1020;871;1181;376;1157;389;471;461;1072;763;1074;28;629;727;1118;1239;663;985;201;539;798;1183;407;473;391;794;1027;1182;331;1166;1219;470;181;519;697;1019;63;609;707;8;895;772;342;1040;481;783;520;758;1045;425;1160;534;898;1208;115;88;632;1059;753","1076;409;326;74;1146;1177"
0.020000,733138,733138,0,11,0,1,113,"50;76;350;373;435;483;538;760;808;1010;1281","","","","50;813;1281;373;1086;1292;217;582;846;971;591;314;597;749;883;946;350;435;82;791;1048;1185;200;538;662;984;1238;27;628;726;914;1117;483;808;76;66;1139;401;1010;785;1042;1030;1179;344;300;666;211;1231;376;245;526;668;1118;172;214;510;688;1210;260;17;549;938;1248;149;588;919;1264;238;163;672;1016;1237;306;760;407;1145;72;1036;1192;315;680;1022;1130;257;681;1025;444;439;1149;411;1040;764;1047;427;522;1148;445;770;1046;766;1053;1154;379;417;528;1155;830;936;112;223;935;39;303;551;580;856","50;1281;373;350;435;538;483;808;76;1010;760"
0.020000,833836,833836,0,10,0,1,109,"409;442;607;772;1023;1029;1043;1131;1138;1147","","","","72;1038;1036;781;340;1175;407;435;760;479;1145;1043;518;756;423;1144;117;642;634;755;900;1210;295;387;707;899;1112;228;556;835;941;1286;607;1237;414;728;873;144;136;314;726;864;1131;6;329;705;893;1096;409;1147;602;437;762;1232;74;1029;723;868;139;504;796;58;1184;1185;163;306;672;1016;791;82;350;1048;772;470;63;1166;84;419;447;331;1157;88;385;534;1059;1160;1139;513;67;805;418;1161;475;1076;767;1078;326;393;465;800;734;140;358;35;318;1081;1125;730;636;611;77;523;761;1149;428;1138;65;400;482;807;908;1218;709;395;125;41;364;874;740;511;472;774;416;1031;803;1168;1137;333;1023;442;1190;681;173;170;313;258;679;539;1223;701;185;335;103;495;787;1074;913;130;647;714;451;420;1064;366;69;98;1040;1141;515;875;146;1239;769;81;444;609;1045;1154;1039;1140;514;149;612;68;733;806;878;1188;1034;509;801;1135;1152;79;357;798;1055;89;991;1191;635;207;491;34;669;1124;867;484;786;1180;345;336;777;1171;70;433;1143;405;758;537;1163;91;388;775;349;661;983;199;1062;1021;1129;256;171","1043;607;1131;409;1147;1029;772;1138;1023;442"
0.020000,836061,836061,0,10,0,1,124,"53;150;381;565;611;734;897;920;1246;1295","","","","150;261;589;814;920;1265;274;621;740;878;1091;420;613;734;879;1189;176;488;684;972;1080;40;572;836;961;1271;600;752;719;911;407;1124;53;376;307;1089;1230;129;137;721;886;866;142;860;726;871;1235;412;732;870;605;1083;253;581;320;966;1257;10;897;1100;960;1252;333;611;709;551;827;231;931;1295;542;293;1110;115;384;640;705;631;114;1207;108;286;633;890;1103;185;457;694;984;1205;48;312;811;944;1290;3;853;924;1288;224;512;200;654;996;1104;120;559;838;1289;1261;251;585;562;826;951;146;257;283;810;970;30;19;560;969;219;547;188;1092;932;500;696;1277;919;848;52;1283;584;269;580;844;1279;371;595;881;1084;747;41;364;1131;619;885;1195;156;642;874;426;381;894;100;463;788;1064;1173;84;530;768;1055;1156;111;1204;628;749;742;887;158;20;343;1197;428;907;570;29;846;925;1246;849;259;834;959;1269;242;955;38;131;1243;818;821;319;157;268;1;927;1272;1224;204;476;659;1003;33;829;1264;954;254;356;1123;850;929;1275;634;297;565;574","150;920;734;53;897;611;1295;381;1246;565"
0.020000,933430,933430,0,11,0,1,126,"90;401;421;594;788;808;880;1045;1064;1065;1162","","","","5;323;926;606;955;1247;226;591;855;546;1290;328;822;704;892;1095;452;979;424;777;1053;1162;180;689;89;1200;99;367;808;1065;1148;345;183;533;657;1233;268;495;691;1087;195;94;362;778;803;1060;1143;447;1166;486;391;1167;1058;429;782;457;368;100;453;164;502;680;1002;1202;45;646;744;878;1081;1066;1149;809;1064;463;93;390;539;381;98;366;788;1173;451;807;1147;1165;86;449;421;774;1050;1159;354;439;795;1052;1135;1057;1158;383;532;770;104;1075;401;1153;467;792;372;1070;385;496;1068;1177;759;1176;397;492;784;1071;1172;337;525;713;1035;476;69;649;1025;1225;14;615;187;901;1104;1045;769;1146;79;1182;81;347;432;425;520;416;444;1154;758;74;382;531;60;1026;85;1163;1056;1157;805;1062;1145;96;364;177;320;686;976;1197;90;1054;387;536;799;1061;443;1139;358;688;1018;330;1218;518;696;265;1084;521;699;333;1221;272;455;1203;692;982;1021;1017;87;384;771;252;675;167;1125;260;39;571;835;960;1270;149;588;813;919;1264;175;1133;487;683;92;780;445;776;1164;389;538;1141;360;1063;801;427;212;674;996;1196;640;738;872;1129;68;336;475;1034;1171;403;1032;1140;514;419;756;485;806;1039;293;29;570;846;925;1271;115;705;897;1110;204;659;1003;1224;791;103;466;1067;73;341;480;176;261;488;684;1080;1014;975;1214;319;448;326;972;685","1162;808;1065;1064;788;421;401;1045;90"
0.019000,56947,1056947,0,11,0,1,126,"243;399;429;512;524;571;779;818;924;1049;1270","","","","524;186;336;648;1024;1224;78;429;762;1049;1150;212;243;666;1008;1116;362;496;674;996;1196;301;484;667;1011;1232;512;200;174;324;690;1012;1212;1104;231;66;417;804;1037;1138;654;266;155;540;819;925;1270;493;977;1085;181;45;577;841;966;1276;689;1247;571;546;822;955;956;132;323;812;937;5;16;237;850;548;30;847;251;951;353;631;729;917;1120;1261;826;562;294;926;1272;1255;24;556;945;579;858;964;245;140;830;963;13;277;554;820;492;992;358;1192;208;670;688;976;1084;180;100;397;784;1071;1172;265;465;282;1213;1098;193;194;225;506;990;361;995;446;802;1059;1142;93;38;639;737;871;1128;673;211;1195;495;224;505;701;989;1097;113;552;831;1282;3;589;853;924;1288;217;985;458;275;1206;694;982;1090;695;498;1038;1147;437;409;74;107;375;460;1073;1156;344;532;656;978;283;466;649;993;1214;490;280;463;356;668;1190;191;206;700;1211;29;570;293;1271;250;561;825;950;1260;846;352;630;728;916;1119;131;914;309;242;1246;602;721;913;1126;401;594;849;715;818;22;943;1253;739;279;745;883;1096;425;884;1194;618;626;170;374;508;686;1208;209;298;481;664;1229;655;1231;343;531;542;931;10;860;1295;120;559;838;944;1289;569;845;28;154;593;292;1269;659;1003;476;204;1290;811;261;920;1265;150;312;48;814;805;63;1027;1136;1145;1139;513;398;418;96;67;364;449;480;1062;226;591;855;156;267;541;72;340;479;781;1175;346;485;787;1181;766;413;1044;1042;1151;441;73;519;424;757;1146;782;1039;1176;436;408;341;761;435;1036;163;1016;306;407;1237;760;350;791;1048;1185;672;82;420;83;448;351;85;792;1186;773;1158","524;429;1049;243;512;1270;571;924;818"
0.019000,320488,1320488,0,18,0,1,135,"1;36;41;216;222;262;333;546;674;692;810;817;827;936;943;962;970;1272","","","","699;1095;222;333;183;521;1021;1221;190;279;462;989;1210;987;191;503;216;49;581;845;970;1280;185;497;693;981;1089;159;544;823;929;1274;313;590;812;945;1291;372;596;748;882;1085;1;587;851;922;1286;111;550;829;935;262;815;921;1266;973;1081;151;177;489;685;41;573;837;962;1272;1253;553;577;1254;276;138;249;856;12;14;235;546;810;1245;1281;39;303;580;948;516;658;1000;1108;124;204;842;563;1293;27;248;1258;559;52;1294;316;593;283;622;743;888;1198;429;630;749;887;1100;108;378;625;746;891;1201;633;752;890;286;547;826;932;1277;1103;219;566;951;1242;238;127;292;569;924;1270;28;818;319;1243;542;1091;602;754;324;554;943;22;243;154;265;1269;529;653;975;990;341;280;463;700;1229;1211;233;862;933;321;3;953;820;1223;701;335;523;1023;274;457;694;984;1205;197;535;1235;347;659;182;271;454;691;1202;130;912;1125;954;720;647;714;913;241;400;848;308;601;839;1264;918;345;721;623;909;1112;956;1248;6;236;936;1246;15;270;811;311;588;47;1289;558;119;230;1288;857;7;228;928;1292;496;692;674;184;980;1088;212;269;996;362;1196;104;401;788;1075;1176;505;193;224;1097;167;683;371;59;410;797;1030;1185;1005","222;333;216;970;1;262;41;962;1272;546;810;943;936;692;674"
0.019000,344921,1344921,0,5,0,1,142,"201;521;645;663;1221","","","","398;480;805;645;911;1221;63;128;712;1027;1136;101;493;785;1072;1173;782;1039;1176;73;341;1228;297;663;1007;208;120;298;710;902;1115;44;367;743;877;1080;513;418;1213;1013;175;67;325;691;1038;1139;201;232;655;997;1105;306;599;718;910;1123;239;567;846;952;1243;520;662;1004;1112;492;670;992;1192;358;426;1046;759;454;1055;1164;91;779;740;885;1195;156;619;521;75;1147;1065;1174;756;1150;464;789;369;382;1067;637;559;838;944;1289;231;903;390;704;701;991;1212;192;1097;193;1223;335;281;989;224;185;505;523;1023;988;976;223;342;700;530;654;504;1230;1096;126;612;11;334;643;909;1219;396;898;1101;217;971;1281;582;50;694;160;545;824;930;1275;982;1090;498;186;1121;163;671;303;1234;529;248;432;669;214;699;1021;656;290;473;333;183;1000;894;702;735;1107;36;359;1126;869;112;153;1094;622;888;1198;159;277;624;881;429","645;1221;663;201;521"
0.019000,418901,1418901,0,8,0,1,118,"411;419;800;809;1048;1140;1149;1185","","","","612;141;319;731;869;1082;11;334;710;898;1101;149;419;733;878;1188;273;620;739;877;1090;260;588;813;919;1264;411;725;870;1234;604;252;580;859;965;1256;891;753;605;634;746;109;703;4;327;287;1104;1094;108;1201;378;625;410;637;36;359;1126;1233;140;603;724;735;909;298;1115;902;643;126;1219;120;396;645;415;80;443;768;1044;1153;64;510;802;1035;1136;145;608;729;874;1238;916;312;1129;412;726;871;1235;134;142;75;438;763;1039;1148;59;505;797;1030;1185;601;720;912;408;1125;0;377;308;1231;130;138;722;887;867;413;1042;62;508;800;1033;1134;766;78;1151;441;143;606;727;872;1236;76;785;483;1179;439;764;1040;1149;344;427;1047;522;760;60;506;798;1031;1186;917;1080;30;353;317;1120;139;631;610;808;66;1139;401;99;367;452;1065;70;1142;516;421;1041;163;501;679;1001;44;743;422;152;615;736;881;1191;87;450;775;1051;1160;517;809;71;1143;614;635;1084;34;357;321;1124;115;385;632;1208;1079;476;801;1077;466;1162;394;1026;1163;477;328;1078;1187;769;395;467;1173;779;338;1036;405;758;1034;433","419;411;1185;800;1149;809"
0.019000,534519,1534519,0,15,0,1,129,"66;67;327;345;463;474;515;657;799;1032;1037;1038;1138;1139;1141","","","","67;402;484;809;1031;1140;335;474;776;1033;1170;418;513;805;1038;1139;132;595;716;915;1225;105;497;789;1076;1177;92;445;1058;1141;1056;1165;801;1164;538;427;389;455;1063;780;360;414;1135;509;1034;63;442;1043;1152;79;1237;144;607;728;873;767;1077;476;59;1186;394;533;384;771;87;1159;195;345;657;979;1233;167;252;675;1017;1125;210;494;994;1194;37;638;736;870;1127;672;57;799;392;1160;1184;325;464;1075;766;408;503;795;1028;1183;1089;876;693;272;148;619;738;216;53;376;600;752;886;185;981;1027;480;398;1136;1145;96;364;449;1062;1156;83;732;877;1241;446;611;1047;66;1138;1032;808;1030;417;512;401;334;1169;473;483;804;1037;775;212;301;667;1011;1232;786;77;1180;22;623;721;909;1112;463;381;324;191;280;700;990;1211;1173;765;100;56;788;1064;421;774;1050;86;62;397;1061;1144;479;363;448;95;1026;90;358;443;61;507;412;1187;327;1162;605;466;177;515;768;1015;1215;4;1079;703;891;1094;202;291;1001;1222;756;403;68;485;807;366;69;65;482;400;420;1147;98;451;1040;1029;72;423;518;613;12;711;899;1102;1023;701;1223;523;498;694;982;1090;214;676;998;106;186;790;217;1178;1198","67;474;1038;1139;1141;345;657;799;66;1138;1032;1037;463;327;515"
0.019000,537614,1537614,0,10,0,1,118,"84;88;451;470;494;772;797;978;994;1073","","","","84;419;447;772;1048;1157;1156;437;793;1050;1187;381;530;768;1055;352;98;451;366;807;1064;1147;786;1062;782;1069;1170;379;395;490;1171;461;179;978;688;322;1199;329;517;695;1017;1217;491;687;975;1083;264;690;512;174;1012;1201;1086;267;324;494;1212;181;270;453;980;182;763;79;430;525;54;1151;376;1039;1148;1074;75;410;438;470;198;107;1071;388;287;653;997;1218;1180;795;1166;63;331;1029;344;656;1232;194;532;83;446;771;1047;418;351;529;1049;1186;436;380;792;767;1054;1155;994;652;229;1102;510;660;982;1236;536;348;195;284;650;1215;467;672;1194;210;360;59;505;1030;1185;797;466;801;1077;327;1079;1162;394;476;88;423;776;1052;1161;77;428;523;350;435;791;82;761;1149;1176;341;68;73;514;806;1140;480;142;613;732;870;594;880;370;320;47;746;37;1127;1058;1141;92;445;638;736;762;1073;460;375;499;404;1078;1179;1174;399;102;649;991;1099;533;657;979;1233;226;507;345","84;772;451;978;494;470;994;797;88;1073"
0.019000,564204,1564204,0,5,0,1,119,"203;523;665;1048;1223","","","","815;948;19;240;551;940;1250;151;262;590;921;1266;52;316;1294;593;1048;77;428;523;761;1149;84;419;447;772;1157;82;350;435;791;1185;345;484;786;1043;1180;412;440;765;1041;1150;806;1039;1140;878;1188;514;149;612;733;68;1134;61;1033;85;396;478;803;1079;413;800;438;353;508;794;62;1051;364;96;805;1062;1145;214;498;676;998;1198;41;642;740;874;1131;449;1143;175;318;684;974;1195;1060;94;362;329;468;770;1027;1164;1187;507;799;1032;387;469;774;755;900;1210;117;536;634;1070;1179;90;106;1061;1162;70;421;758;1173;516;338;477;779;808;1036;1142;433;405;1034;103;400;787;495;371;466;456;1067;1176;1069;1152;384;1074;1175;375;1009;762;1073;1156;107;460;751;171;509;687;1088;1209;885;599;333;709;65;183;1031;1168;472;1221;897;521;10;699;1021;1100;611;908;899;295;1112;707;395;1218;125;1050;1159;1197;320;686;976;177;86;335;613;1223;1170;776;67;701;1023;185;12;1102;711;474;482;714;913;647;130;807;1029;1138;880;735;614;1190;445;1053;528;417;1046;1155;379;766;1154;79;430;763;1151;352;525;793;437;784;1178;459;431;1169;1071;1172;343;492;75;100;397;404;432;757;69;1117;538;984;1238;200;662;27;628;726;914;194;1232;649;225;1098;344;532;656;978;506;283;648;990;993;1214;996;999;655;512;231;654;1104;289;1220;530;1055;768;381;665;299;210;1230;517;695;179;659;1017;1217;809;1001;1109;236;422;205;1042;71;203;515;657;1107;234;1002;987;292;475;658;487;1241;1006;494;1114;1194;672;994;241;522;360;664;219;584;848;919;1283;499;388;470;795;1078;1265;564;840;23;287;260;588;813;1264;1166;93;621;742;887;158;781;1057","1048;523;1223;665;203"
0.019000,596689,1596689,0,7,0,1,135,"549;573;833;849;938;958;1284","","","","221;110;549;828;934;1279;0;586;850;921;1285;190;502;698;986;1094;380;627;748;893;1203;288;635;754;892;1105;950;1090;601;753;887;377;1242;541;817;318;177;489;685;973;515;693;1015;1215;320;686;976;1197;1081;327;449;262;958;833;573;245;258;37;272;569;8;1268;134;825;1250;852;1249;837;41;962;1272;230;284;561;970;1262;119;20;558;943;1288;552;816;941;1251;343;621;719;907;241;1110;928;849;32;593;1274;7;228;296;543;822;158;269;1292;857;1273;1284;53;220;585;920;242;131;570;955;1246;227;508;992;196;6;592;856;927;1291;116;555;834;940;1100;650;832;938;965;1257;1267;553;15;568;36;114;279;257;225;556;957;1283;925;1271;259;846;959;1269;29;293;38;564;1263;355;633;731;865;953;253;1122;1253;818;243;554;311;588;810;1289;22;47;1131;858;937;305;364;642;740;874;582;249;829;1254;138;276;577;12;859;995;9;930;1103;511;653;199;1294;1256;557;246;14;821;946;252;580;25;141;278;831;964;280;966;1258;16;942;229;118;836;1287;331;609;707;895;1098;1293;540;929;306;583;42;238;519;661;1003;1111;207;813;17;1248;566;845;127;951;961;11;275;237;548;812;339;617;715;903;1106;1247;840;250;122;1260;233;994;1102;198;510;652;924;224;863;46;3;310;853;587;589;563;952;167;533;675;1017;1125;31;827;48;844;969;933;301;578;854;530;672;1014;164;1259;949;560;824;28;918;839;286;1264;345;623;721;909;1112;148;51;218;847;1282;4;545;590;322;954;605;703;891","549;958;833;573;849;1284;938"
0.019000,632836,1632836,0,7,0,1,110,"91;382;444;654;769;976;1163","","","","91;444;1055;388;1057;1140;426;454;779;359;1164;800;1163;775;1062;537;382;464;629;750;895;1205;101;112;789;1065;1174;85;531;769;1056;1157;654;976;530;342;1230;192;512;200;998;231;288;471;1104;199;996;1219;84;768;1156;357;442;381;798;1138;89;865;1122;315;136;1132;633;599;355;1229;32;406;137;720;608;731;727;814;947;1293;51;592;172;681;1192;1025;281;701;991;1212;223;504;700;988;1096;1107;894;551;830;936;1281;290;637;702;325;1077;1160;57;766;1105;920;1266;24;565;841;110;635;754;892;680;257;538;1022;1130;164;368;502;1002;1202;171;443;1024;1191;314;154;625;744;1095;278;593;818;924;1269;882;883;265;1193;424;617;738;721;866;407;600;248;576;855;961;1252;809;402;1031;71;1042;484;1149;67;422;1066;1143;517;453;100;65;333;482;416;803;1137;807;511;1029;1036;400;1168;472;774;376;1010;510;688;1210;249;672;1014;90;1054;425;778;1139;358;536;799;387;1061;1162;418;805;513;1038;776;1033;1170;474;335;92;1165;1141;389;1063;360;455;445;780;801;427;1058;449;86;1050;1159;421;165;250;673;1015;1123;343;1231;977;193;655","91;444;1163;382;769;654;976"
0.019000,637119,1637119,0,9,0,1,118,"234;256;588;813;837;852;863;943;1292","","","","35;852;256;299;931;1277;576;567;831;956;1266;358;636;734;868;1125;593;228;857;928;265;818;924;1269;1294;52;7;316;948;815;1292;154;543;952;11;932;1242;819;269;822;158;1273;2;320;232;861;1244;46;587;863;942;1288;578;842;967;310;267;369;647;745;879;1082;108;219;547;826;44;840;965;1275;248;1252;137;855;961;837;943;573;230;558;1262;119;284;20;41;970;262;561;962;1272;234;934;145;584;969;1260;13;545;123;562;841;947;203;515;657;999;1107;17;112;290;637;702;894;340;618;716;904;549;1280;38;579;221;828;1279;302;110;238;813;938;1248;834;281;1259;854;37;301;136;4;225;590;925;1289;933;247;575;960;1251;28;569;249;560;824;949;292;351;629;727;915;1118;845;1270;272;8;958;1250;825;858;229;929;1293;331;609;707;895;1098;540;29;250;950;122;233;946;1291;554;542;243;1253;1243;22;319;1;951;570;259;871;959;639;737;361;1128;127;566;1003;1111;207;519;661;555;116;227;940;1285;812;151;313;945;49;921;735;880;1190;275;622;741;1092;421;614;679;1021;1129;171;537;48;844;1261;19;283;580;836;155;425;739;884;1194;279;626;883;1096;266;134;245;1249;588;1287;223;923;149;260;919;1264;273;620;877;1090;419;612;733;878;1188;1265;287;848;1283;23;564;849;296;32;1274;311;810;47;39;571;835;226;833;939;1284;277;115;830;963;1255;30;926;294;353;631;729;917;1120;847;251;241;552;941;343;621;719;907;1110;816;585;955;220;242;53;1246;131;920;839;286;345;623;721;909;1112;918;563;1286;146;308;257;851;222;324;602;754;888;1091;922;591;314;50;1116;646;711;903;121;210;482;665;1009;1230;666;1008;212;524;850;132;1247;323;608;874;1238;415;616;873;1086;27;264;592;817;153;291;568;1268;216;581","852;256;1292;863;837;943;234;813;588"
0.019000,683694,1683694,0,11,0,1,136,"150;261;284;311;488;552;855;878;961;1188;1270","","","","961;11;275;552;828;1253;137;248;576;855;1252;40;261;572;836;1271;304;581;857;936;1282;363;641;739;873;1130;925;1270;854;1289;540;819;590;225;155;266;4;293;570;846;29;488;150;589;814;920;684;972;1080;176;1265;45;368;646;744;878;1081;841;1276;309;586;862;941;1287;577;966;168;311;677;1021;1188;440;1018;1006;1206;676;506;534;1126;372;253;579;38;302;934;1280;843;1278;964;140;251;268;47;858;968;1255;284;20;837;970;1262;160;631;750;888;1101;195;467;650;994;1215;561;613;734;879;1189;420;621;740;274;1091;5;591;328;606;704;892;1095;546;822;955;1247;323;226;1290;926;943;588;810;22;554;818;1288;119;230;243;558;932;543;232;334;612;710;898;1242;861;559;120;231;838;944;133;604;723;915;1128;370;594;746;880;1083;851;244;295;848;927;1273;31;957;1248;823;1258;27;1121;163;529;671;1013;948;13;234;545;863;1244;221;110;549;1279;622;741;151;1092;186;458;695;985;44;1275;1277;265;840;965;931;35;299;852","961;552;855;261;1270;488;150;878;311;1188;284"
0.019000,704027,1704027,0,15,0,1,147,"18;133;144;261;268;488;572;592;717;814;851;879;927;957;968","","","","615;152;144;734;881;1191;422;736;14;337;713;901;1104;1085;322;872;133;717;596;403;916;1226;311;604;723;915;1128;244;572;851;957;1248;127;711;909;566;598;1122;644;845;951;1242;238;1220;397;305;910;196;1100;995;650;992;227;534;658;508;285;468;346;1234;651;980;1216;672;164;530;355;633;865;32;1014;249;731;255;583;862;968;1259;1237;607;414;873;728;1108;18;341;619;905;495;268;691;979;1087;211;673;183;361;1195;103;400;787;1074;1175;666;242;665;300;483;1007;1010;1231;1115;523;96;488;393;780;1067;1168;805;1145;784;364;449;459;431;1060;1169;1062;344;401;76;808;1030;1139;785;1042;1179;66;1093;276;591;816;922;1267;742;880;623;263;213;525;667;1009;1117;23;555;819;944;1254;176;261;684;972;1080;204;354;988;1188;153;264;743;277;592;817;923;1268;737;1094;882;1192;423;624;616;21;1252;950;0;318;553;942;541;494;994;1194;360;306;435;210;163;1016;692;319;975;1196;326;448;1214;514;685;595;48;371;747;1084;879;1082;151;150;420;275;1189;622;741;1092;46;369;647;745;613;863;1288;587;310;578;842;967;1277;267;603;869;914;1127;889;410;325;2;1233;132;724;755;722;140","144;133;717;572;851;957;968;18;268;488;261;592;879"
0.019000,834210,1834210,0,24,0,1,107,"71;81;84;97;235;404;423;442;499;527;638;756;761;763;768;791;1008;1032;1052;1060;1161;1169;1179;1187","","","","97;378;394;489;781;1068;1169;460;785;1061;1170;450;806;1063;1146;365;59;768;1079;1162;505;1185;1077;410;466;1030;801;476;797;1186;327;328;1095;1216;516;1026;1163;178;60;1016;467;769;5;606;704;892;694;235;204;14;546;810;935;1245;563;842;948;1293;1108;658;1000;124;490;686;974;1082;321;263;687;977;1198;84;447;793;1050;1187;352;437;381;530;419;772;1048;1157;1055;1156;1052;1161;451;423;795;1135;88;86;354;776;439;1153;765;81;527;372;168;506;684;1006;1206;882;759;104;457;596;748;49;1085;1070;1060;431;459;784;386;96;535;773;89;362;803;1143;94;318;175;1195;443;415;1044;80;278;625;744;154;737;1192;153;616;756;518;72;1043;1144;1033;474;335;67;92;389;538;1164;75;71;426;521;1147;434;1035;1046;406;1078;477;1032;395;802;507;412;799;61;798;1031;411;339;1037;1174;478;780;422;517;809;1042;987;699;191;222;503;370;746;682;880;1004;504;166;1083;47;1204;1151;594;102;455;757;791;1179;499;404;107;58;326;465;767;1201;108;891","97;1169;768;235;84;1187;1052;1161;423;81;527;1060;756;71;1032;791;1179;499;404"
0.019000,885441,1885441,0,11,0,1,126,"243;399;429;512;524;571;779;818;924;1049;1270","","","","524;186;336;648;1024;1224;78;429;762;1049;1150;212;243;666;1008;1116;362;496;674;996;1196;301;484;667;1011;1232;512;200;174;324;690;1012;1212;1104;231;66;417;804;1037;1138;654;266;155;540;819;925;1270;493;977;1085;181;45;577;841;966;1276;689;1247;571;546;822;955;956;132;323;812;937;5;16;237;850;548;30;847;251;951;353;631;729;917;1120;1261;826;562;294;926;1272;1255;24;556;945;579;858;964;245;140;830;963;13;277;554;820;492;992;358;1192;208;670;688;976;1084;180;100;397;784;1071;1172;265;465;282;1213;1098;193;194;225;506;990;361;995;446;802;1059;1142;93;38;639;737;871;1128;673;211;1195;495;224;505;701;989;1097;113;552;831;1282;3;589;853;924;1288;217;985;458;275;1206;694;982;1090;695;498;1038;1147;437;409;74;107;375;460;1073;1156;344;532;656;978;283;466;649;993;1214;490;280;463;356;668;1190;191;206;700;1211;29;570;293;1271;250;561;825;950;1260;846;352;630;728;916;1119;131;914;309;242;1246;602;721;913;1126;401;594;849;715;818;22;943;1253;739;279;745;883;1096;425;884;1194;618;626;170;374;508;686;1208;209;298;481;664;1229;655;1231;343;531;542;931;10;860;1295;120;559;838;944;1289;569;845;28;154;593;292;1269;659;1003;476;204;1290;811;261;920;1265;150;312;48;814;805;63;1027;1136;1145;1139;513;398;418;96;67;364;449;480;1062;226;591;855;156;267;541;72;340;479;781;1175;346;485;787;1181;766;413;1044;1042;1151;441;73;519;424;757;1146;782;1039;1176;436;408;341;761;435;1036;163;1016;306;407;1237;760;350;791;1048;1185;672;82;420;83;448;351;85;792;1186;773;1158","524;429;1049;243;512;1270;571;924;818"
0.018000,85151,2085151,0,5,0,1,124,"78;485;528;766;1012","","","","464;1212;325;766;1077;1160;192;281;701;991;57;101;382;789;1065;1174;779;1055;1167;392;487;426;91;70;454;338;1164;95;477;1036;1066;1173;68;1032;403;756;485;1141;336;475;777;1034;1171;419;514;806;1039;1140;1144;804;1061;363;448;458;783;1168;430;1059;174;324;512;690;1012;703;902;119;636;389;1150;398;369;1067;493;785;1072;82;528;379;445;1048;417;791;770;1046;1155;350;1185;435;1053;1154;596;916;1226;133;717;498;790;106;1178;429;78;524;762;1049;159;622;743;888;1198;94;457;782;1058;162;670;1120;213;302;247;668;1233;355;1136;440;796;87;205;489;667;989;1189;32;633;731;865;1122;1228;480;340;652;974;208;297;190;663;1007;135;405;598;719;864;343;129;307;600;911;1124;20;621;907;1110;1073;494;399;102;786;55;390;797;1182;107;1156;375;460;472;406;462;764;1075;1158;377;793;501;1026;1181;410;1030;505;1076;59;58;393;800;413;441;1042;1151;1044;346;787;177;262;97;1081;973;685;394;781;1068;1169;461;98;1043;1180;77;345;484;1062;74;409;437;1038;1147;1199;215;365;499;677;999;179;322;451;688;978;160;623;744;889","766;485;1012;528;78"
0.018000,138582,2138582,0,10,0,1,139,"47;370;588;816;824;843;851;922;949;957","","","","47;588;594;810;943;1289;370;311;746;880;1083;268;579;843;968;1278;2;223;852;923;1287;149;260;813;919;1264;301;401;715;914;1224;123;131;713;905;1118;102;455;757;1068;1151;166;504;682;1004;1204;151;421;614;735;1190;152;623;742;1093;276;9;541;930;1294;1251;826;859;610;896;230;332;1099;273;708;959;550;28;949;560;249;824;1259;569;924;1270;292;629;727;351;915;845","47;588;370;843;949;824"
0.018000,164871,2164871,0,8,0,1,156,"21;207;248;669;1013;1111;1213;1252","","","","891;378;746;753;108;1201;109;287;634;625;1104;4;327;605;703;1094;274;10;551;827;960;1252;150;621;740;878;1091;185;457;694;984;1205;231;542;860;931;1295;333;611;709;897;1100;1213;175;325;513;691;1013;120;390;637;704;903;193;465;648;992;282;240;19;815;940;1250;112;223;830;936;1281;889;1077;1160;57;464;2;766;755;603;1092;169;685;1007;1207;1189;373;507;312;678;1022;1019;535;254;1127;441;677;177;973;1215;693;1015;515;262;489;1081;320;449;686;976;1197;706;994;392;639;122;905;284;467;650;195;58;326;767;1078;1161;102;383;790;1066;1175;318;487;683;1025;1133;260;447;684;974;1195;215;1011;669;999;1199;304;433;670;1014;1235;365;499;1119;527;246;1111;116;641;898;294;7;330;608;894;1097;207;491;1003;238;357;519;661;991;1191;479;662;1006;1227;296;248;303;1121;163;214;529;432;671;1234;701;523;335;1023;1223;216;1089;497;981;339;651;189;81;765;1052;1153;1047;434;349;1184;416;769;1045;1154;444;718;917;404;597;134;172;680;1210;538;1130;376;510;257;688;1010;315;681;1192;176;319;975;1196;448;27;559;823;568;923;726;350;291;1269;628;844;914;1117;1258;948;505;989;343;531;655;977;1231;224;1115;710;298;838;944;1289;645;902;594;1083;1118;370;880;47;301;123;713;715;131;1224;401;21;242;553;817;942;908;622;971;1263;344;285;562;720;1090;115;1208;385;0;377;601;887;632","1252;1213;1013;669;1111;207;248;21"
0.018000,180994,2180994,0,13,0,1,114,"34;131;424;546;635;702;721;752;877;892;913;955;1276","","","","131;401;594;715;914;1224;309;602;721;913;1126;242;570;849;955;1246;635;34;357;733;867;1124;118;754;892;1105;388;702;901;1211;288;110;66;483;808;1030;1139;104;496;788;1075;1176;139;1232;409;723;868;888;1;324;1091;765;1076;1159;174;512;690;1012;56;463;1212;633;386;116;899;1209;424;1044;617;738;883;1193;154;452;777;1053;1162;73;519;757;89;1145;1279;627;221;549;828;934;380;748;893;1203;890;752;1103;3;326;286;1093;624;745;1200;108;604;161;431;631;729;750;1101;30;353;284;1120;917;160;114;897;384;1207;722;317;610;138;1080;408;1231;601;418;877;446;732;148;1241;83;611;771;1047;513;67;1156;805;1038;798;1191;1055;1138;207;491;669;991;442;50;591;582;217;813;971;749;314;846;946;1281;373;597;1292;1086;14;235;810;1245;935;546;1256;831;615;713;1104;278;964;337;555;156;884;1097;26;349;280;1116;746;725;269;854;933;48;37;580;844;969;301;578","131;721;913;955;635;34;892;702;424;752;877;546"
0.018000,220997,2220997,0,12,0,1,108,"7;41;115;550;573;706;849;898;1110;1249;1251;1284","","","","247;1251;528;670;1012;1120;136;575;854;960;162;26;558;822;947;1257;7;1292;593;857;928;228;271;548;824;957;1249;330;608;706;894;1097;226;926;591;649;991;1099;5;195;855;507;1290;1284;554;833;939;115;198;536;652;229;982;997;1236;470;348;1218;510;287;994;653;660;1102;44;576;877;861;940;1286;645;743;308;1080;1275;367;265;585;840;965;942;1288;836;1287;118;310;242;553;817;1252;587;863;557;46;21;344;483;194;532;656;1111;622;720;908;1232;76;785;1042;978;1179;51;592;814;315;1293;218;847;918;583;1282;1087;750;884;598;374;11;334;612;710;898;1101;543;932;1242;552;828;961;1253;232;275;20;561;837;970;1262;241;816;941;284;621;719;907;1110;343;953;1244;571;30;1272;294;568;240;129;53;849;920;220;376;600;752;886;1089;949;1295;540;317;859;9;230;541;930;1294;580;1256;141;252;306;938;42;245;24;820;1010;1118;214;526;668;945;1255;556;852;958;573;134;137;727;865;1132;172;444;681;1025;1192;550;959;273;826;239;18;43;307;584;860;1285;946;821;233;1291;122;25;246;50;314;813;248;579;934;1280;38;302;205;1004;477;1225;116;641;829;935;111;222;1270;132;243;956;1247;39;850;260;835;263;152;922;1267;818;13;277;943;830;963;22;933;109;985;1093;189;501;827;697;1278;832;17;549;225;238;114;1248;1283;349;627;725;913;1116;567;843;290;1268;967;119;1259;281;834;257;36;27;1269;291;923;844;269;1273;158;692;980;184;496;48;1088;969;1279;955;546;323;328;606;704;892;1095;365;643;741;875;574;838;562;251;951;353;631;729;917;1261;810;146;845;581;216;49;839;264;964;1274;1276;34;298;851;10;274;551;156;267;1271;41;962;262","1251;7;1249;706;1284;115;898;1110;849;573;550;41"
0.018000,377652,2377652,0,4,0,1,139,"57;503;1087;1203","","","","439;795;764;86;1052;1135;76;411;354;1040;1149;167;310;676;1020;1241;57;1028;408;503;1183;392;474;799;1075;1184;325;464;766;1077;1160;1071;1180;107;470;388;196;651;995;650;992;1100;346;534;658;980;1234;468;227;508;1216;285;375;791;1073;1156;499;762;1078;1179;460;404;2;819;1244;543;603;852;923;223;320;952;1287;588;755;889;1092;51;1087;750;374;884;598;218;583;847;918;1282;315;592;814;947;1293;767;380;1152;465;1161;79;414;442;1043;58;83;326;529;1054;1155;183;268;495;691;979;736;874;270;617;146;99;462;787;1063;1172;110;627;748;893;1203;699;333;521;1021;1221;272;692;982;455;987;191;1095;222;165;369;681;1003;288;635;754;892;1105;221;549;828;934;1279;1165;64;399;481;806;1137;771;330;469;62;103;758;400;384;1074;1175;1176;466;1067;371;456;1069;155;425;618;1096;626;745;883;279;1194;266;540;925;1270;739;112;1205;637;290;1107;551;830;936;1281;895;382;629;702;894;156;746;280;1097;426;619;740;885;1195;267;541;820;926;1271;55;377;501;1158;390;472;797;1182;406;793;1026;1181;621;158;742;887;150;274;878;1091;20;719;907;1110;428;1197;343;59;476;1186;1178;403;498;394;106;790;801;372;282;886;1099;49;596;882;1085","57;503;1087;1203"
0.018000,435527,2435527,0,8,0,1,135,"252;567;571;843;847;952;1244;1256","","","","236;843;125;564;936;949;1294;547;811;205;1246;517;659;1001;1109;15;567;290;26;922;1268;35;256;831;956;1266;128;239;846;952;1243;847;571;1282;1244;1272;51;218;583;918;30;129;240;568;953;926;294;1256;937;224;113;14;278;552;555;964;675;309;363;497;997;1197;166;213;438;1019;1240;167;252;533;1017;1125;260;39;835;960;1270;132;850;1247;243;827;1262;141;580;859;965;563;31;75;763;1039;1148;410;482;1041;1178;343;759;1046;1147;426;521;784;655;513;201;1105;232;198;470;653;1218;287;371;505;683;1005;1205;310;439;676;1020;1241;6;270;823;1248;123;234;562;841;947;1292;301;594;713;905;1118;393;640;707;906;1216;848;919;954;584;241;130;52;219;569;1283;1245;927;1273;295;572;1278;47;579;268;968;828;941;1251;816;11;20;961;1253;275;581;857;40;551;830;223;112;304;1281;674;1016;1124;370;504;682;1004;1204;251;532;934;855;38;302;1280;140;858;1255;401;1224;715;914;746;880;1083;131;36;832;1267;844;257;27;957;923;1269;291","843;567;952;847;571;1244;1256;252"
0.018000,585781,2585781,0,9,0,1,119,"86;320;412;457;765;795;1058;1153;1158","","","","142;320;605;726;871;1235;412;613;732;870;1083;253;581;860;966;1257;1044;443;1145;415;1181;768;1153;73;424;757;80;346;519;787;78;485;90;799;387;1162;536;358;453;778;1054;1163;1056;1139;774;1061;425;449;1159;805;1062;86;96;364;421;1050;177;686;976;1197;1150;765;1041;77;61;507;440;1032;1187;1058;429;457;445;801;1141;94;92;360;782;1167;87;384;533;771;104;1070;372;759;984;274;694;185;1205;973;1081;262;489;685;327;1015;515;693;1215;543;819;952;1244;2;1075;401;496;788;1176;792;1068;1177;385;467;1052;81;463;324;527;1076;56;378;57;1183;503;408;325;464;766;1077;795;1028;1160;392;1184;474;55;462;764;1158;793;377;501;797;1073;1182;406;390;1026;472;632;753;898;1208;534;115;772;1059;88;117;634;900;1210;469;794;1179;106;755;756;1067;101;369;454;524;762;1049;776;780;1063;1164;427;389;538;1165;455;790;1047;349;434;769;1045;1154;444;416;58;504;796;1029;409;383;1135;354;439;532;770;1057;767;1161;475;800;1185;326;1078;465;393;10;551;827;960;1252;150;621;740;878;1091;431;526;433;789;1046;348;1051;1152;350;59;410;505;791;1048;82;435;1030;159;622;743;888;1198;398;645;480;1027;1136;63;493;785;1072;1173;911;1221;128;712;1065;1174;382;173;511;689;1011;1211;0;601;887;1090;1060;1143;447;391;486;362;803;1166;448;773;420;85;423;451;171;314;680;1024;1191;473;1074;502;407;798;914;594;715;483;808;1224;66;131;67;418;513;1038;807;403;69;68;1040;531;353;438;1134;1157","320;412;1153;86;765;1058;457;795;1158"
0.018000,586232,2586232,0,5,0,1,110,"109;110;198;606;892","","","","627;110;725;746;893;1203;156;280;380;884;1097;26;349;748;913;1116;198;287;1236;660;982;348;536;470;653;997;1218;229;510;652;994;1102;934;288;1105;892;635;221;549;828;754;1279;271;548;7;824;957;1249;182;454;691;981;1202;147;618;737;875;1088;108;891;286;932;1277;890;1103;219;633;752;547;826;625;1201;378;109;933;753;1104;220;634;827;1278;379;626;747;1266;199;471;654;998;1219;920;24;565;841;606;917;5;313;135;413;727;1130;872;328;704;143;1095;34;388;702;901;1211;118;357;733;867;1124;899;1209;386;1122;116;355;731;865;32;937;1247;16;812;237;305;858;41;1283;127;598;717;909;582;162;1015;434;671;1085;1099;158;629;886;49;372;596;882;282;261;1265;150;589;814;961;1271;836;684;488;40;572;176;972;1080;42;741;730;1132;416;1239;365;643;609;146;275;1206;622;879;1092;186;151;458;695;985;552;1253;11;137;248;576;855;1252;47;311;880;579;843;268;943;968;1289;588;810;370;594;1083;30;729;353;1120;631;1261;847;1272;251;562;951;571;294;926","110;198;892;109;606"
0.018000,642877,2642877,0,5,0,1,154,"130;203;523;665;1223","","","","130;400;647;714;913;1223;308;601;720;912;1125;241;569;848;954;1245;482;65;807;1029;1138;103;495;787;1074;1175;1009;213;244;525;667;1117;171;509;687;375;1209;299;210;665;1230;75;343;784;1041;1178;522;1006;1114;360;672;994;1194;664;494;203;523;335;658;292;475;701;1023;185;1002;1021;443;679;256;537;680;1024;1191;1129;314;122;300;712;904;46;369;745;879;1082;192;342;530;654;976;407;600;721;866;137","130;1223;665;203;523"
0.018000,656323,2656323,0,16,0,1,118,"14;39;135;246;337;356;405;484;580;606;935;990;1011;1180;1211;1256","","","","111;636;755;749;894;1204;289;381;628;893;1106;935;550;829;222;1280;88;356;441;797;1054;1137;423;451;776;1052;1161;385;534;772;1059;1160;67;484;809;1140;418;513;474;1031;805;402;1038;1139;335;1033;1170;91;388;1057;1062;1163;800;537;775;359;444;426;454;779;1055;1164;1011;246;1119;215;1211;1232;377;511;689;669;212;301;527;667;173;580;303;856;39;1281;48;269;844;969;1279;141;252;859;965;1256;235;810;1245;14;546;990;1190;668;206;191;280;463;700;490;225;648;1098;194;506;337;713;615;901;1104;964;278;555;831;313;49;590;812;945;1291;606;170;442;679;1023;1130;135;725;917;635;702;118;1071;107;1180;795;470;5;328;704;892;1095;323;955;1247;591;226;855;926;1290;822;1225;525;649;1025;69;476;778;1035;1172;187;634;866;33;1123;732;1114;119;297;644;709;1210;109;753;891;117;287;900;387;24;347;625;723;911;210;241;522;664;1006;143;413;727;872;1236","935;356;484;1011;246;1211;580;39;1256;14;990;337;606;135;1180"
0.017000,262809,3262809,0,7,0,1,109,"195;392;474;515;657;807;1215","","","","420;807;515;69;1040;1141;85;448;773;1049;1158;150;613;734;879;1189;774;1159;1168;65;472;90;1050;333;536;387;1031;1061;1162;421;449;86;1054;1056;358;425;453;778;799;1163;443;1139;794;438;1051;382;531;353;769;1134;1157;750;895;1205;112;629;789;1065;1174;101;464;1099;282;727;915;28;351;158;748;886;1118;151;275;622;741;1092;46;369;647;745;1082;451;482;400;1029;1138;366;1064;1147;98;56;463;1074;391;1076;1182;502;324;798;1183;407;765;1027;473;274;621;740;878;1091;261;589;814;920;1265;36;300;577;853;932;1278;832;957;735;869;257;359;1126;1267;568;637;1033;432;404;337;476;757;1142;1035;1172;186;217;694;982;1090;336;524;648;1024;1206;498;458;695;985;1224;395;1187;60;908;1218;125;477;642;709;802;1078;490;782;1069;1170;763;1039;410;79;430;525;1151;461;376;1148;75;54;1062;1171;379;786;392;57;474;1066;487;1184;95;779;1075;1167;122;639;706;905;1215;793;84;352;437;457;104;372;759;1153;1058;429;185;984;1070;94;179;322;688;978;1199;1161;88;423;776;1052;770;1057;532;354;383;439;795;1135;55;462;764;377;1152;442;767;1043;414;347;1045;788;1073;797;390;501;406;1026;1181;753;632;601;891;109;887;0;287;1104;1208;385;115;634;898;129;1222;646;713;912;399;600;719;307;1124;240;847;953;1244;911;301;594;123;484;1232;854;933;1279;37;578;667;1011;212;416;511;803;1036;1137;291;844;923;1269;27;441;766;356;169;312;678;1022;1042;78;413;1136;1053;63;398;480;805;440;355;510;415;87;796;64;393;488;783;1059;96;780;1067;61;396;478;1079;1060;1143;362;447;68;403;1032;485;756;801;92;445;360;1140;777;1034;475;419;514;806;1077;82;1160;528;325;1154;103;787;714;913;1223;130;495;1175;1166;486;67;335;202;657;1001","807;515;392;474;1215;657"
0.017000,368772,3368772,0,7,0,1,159,"156;318;380;541;1081;1195;1294","","","","627;893;380;748;110;1203;156;280;746;884;1097;26;349;725;913;1116;160;744;930;430;889;1199;217;623;1275;545;824;750;888;1101;284;631;125;564;843;949;642;1294;907;1120;303;709;908;236;1218;395;596;715;205;1109;547;1001;517;811;936;1246;659;15;525;1050;187;337;1025;1225;244;649;1009;1117;79;213;763;667;1151;1248;1254;572;851;23;133;555;819;957;944;45;1081;878;368;646;966;1276;586;862;941;1287;841;577;309;266;316;593;815;948;52;9;541;859;230;287;840;919;1265;32;828;953;1263;253;111;289;636;755;1106;607;705;6;329;1096;1195;740;885;426;619;267;820;926;1271;973;177;262;489;685;730;140;868;611;318;410;251;579;858;964;1255;869;1233;603;724;903;121;299;129;399;711;713;912;1222;35;358;1125;139;409;602;723;1232;734;447;950;1242;175;0;684;974;817;612;150;621;274;1091;149;733;1188;419;567;290;922;1268;247;947;822;558;1257;854;575;960;136;1251;162;528;670;1012","380;156;1294;1081;541;1195;318"
0.017000,429263,3429263,0,9,0,1,123,"50;272;373;540;586;591;816;941;971","","","","8;272;540;825;958;1250;229;549;858;929;1293;331;609;707;895;1098;373;105;458;760;1071;1154;169;507;685;1007;1207;50;597;749;883;1086;617;738;1193;155;626;745;1096;154;424;279;876;183;455;692;982;1203;1089;148;619;5;591;1290;855;926;226;822;955;1247;546;328;704;606;323;892;1095;826;932;1251;562;9;108;273;550;219;547;959;1277;30;951;1261;251;1292;946;228;234;947;123;314;841;813;928;7;593;857;582;846;217;1281;971;197;509;651;993;1101;117;556;835;941;1286;22;1253;563;839;918;1264;286;345;623;721;909;1112;554;818;943;243;628;894;1100;1204;381;283;630;887;111;159;0;318;950;377;601;753;1090;817;541;1242;850;1285;221;586;921;11;552;828;961;275;138;249;577;856;962;816;266;819;925;1270;949;1295;317;53;1257;247;558;26;814;51;315;592;232;861;543;560;513;655;997;1105;121;201;945;152;263;922;1267;838;21;1263;285;832;566;842;25;36;257;568;289;957;944;1254;320;244;555;952;1244;23;2;20;241;258;147;811;1262;140;611;730;868;1081;175;447;684;974;1195;304;404;718;917;1227;126;134;716;908;1121","272;540;373;50;591;971;941;586;816"
0.017000,440234,3440234,0,20,0,1,115,"39;51;135;258;285;322;328;468;551;592;606;677;872;889;958;971;1199;1216;1250;1281","","","","258;958;539;681;1023;1131;37;569;833;173;1268;147;586;811;971;1262;328;467;516;1016;1216;1163;606;704;60;5;769;1026;694;178;892;1095;719;135;864;600;405;1228;307;598;911;1124;621;20;343;129;907;1110;1270;292;845;924;540;925;266;28;819;155;260;571;835;960;39;31;1121;354;632;827;572;848;927;295;252;563;1273;730;952;4;821;954;225;327;703;1094;1289;322;590;854;891;605;545;1246;51;374;592;750;884;583;847;918;1282;315;814;947;1293;218;1087;169;677;1207;254;1019;1127;373;507;685;1007;535;312;441;678;1022;1189;468;285;196;651;995;105;386;793;1069;1178;61;329;770;1027;1164;1281;856;935;580;303;362;640;738;872;1129;115;897;753;898;1208;293;705;385;226;554;1284;939;1199;978;144;1085;179;451;688;615;734;936;236;131;242;955;15;547;570;849;1250;272;551;825;8;549;574;853;246;959;19;815;940;240;1009;667;1209;1117;375;509;171;210;482;665;1230;213;299;244;687;525;1203;1089;183;455;692;982;148;619;876;777;452;89;68;1053;1162;93;390;336;475;424;1034;1171;1064;1165;134;245;573;852;1249;582;846;217;50;838;1263;21;562;215;365;999;527;1011;1235;1119;669;304;433;670;1014;499;1146;741;450;806;1063;97;42;643;875;1132;844;48;969;1279;269;141;859;965;1256;889;1102;751;161;906;123;393;707;413;727;143;1236;725;1130;313;917;2;223;325;603;755;1092;1287;1244;543;588;320;923;153;264;817;6;1291;227;744;160;430;623;919;1264;1025;1133;149;175;813;487;683;568;27;291;1269;950;126;237;565;1295","258;958;971;328;1216;606;135;39;322;51;592;677;468;285;1281;872;1199;1250;551;889"
0.017000,482601,3482601,0,6,0,1,156,"11;31;232;543;952;1273","","","","330;696;469;771;1028;1165;180;518;62;1018;1218;7;608;706;894;1097;232;201;513;655;997;1105;121;560;839;945;1290;11;543;861;932;1242;828;961;1253;275;552;334;612;710;898;1101;1207;459;276;986;187;188;219;500;984;1092;685;373;489;973;1081;169;177;507;1007;262;176;319;975;1196;448;31;952;1273;563;295;572;848;927;827;1262;354;632;730;864;1121;252;318;566;238;127;0;541;817;950;845;951;391;638;705;904;1214;646;711;903;1116;299;490;263;668;686;974;1082;206;178;356;1190;98;395;782;1069;1170;990;239;520;18;550;814;939;1249;662;1004;1112;208;128;567;846;1243;1155;96;431;784;1060;1169;106;761;1072;374","232;11;543;31;952;1273"
0.017000,513673,3513673,0,5,0,1,112,"138;300;416;577;1231","","","","45;309;586;862;941;1287;368;646;744;878;1081;266;577;841;966;1276;609;730;416;146;875;1239;138;316;728;866;1133;8;331;707;895;1098;122;904;712;706;840;946;1291;233;1117;392;905;1215;561;300;647;639;139;1232;610;602;868;409;723;867;317;1080;729;250;578;857;963;1254;703;389;636;902;1212;638;119;605;891;1108;327;1094;113;4;291;193;531;977;343;1231;655;224;505;701;989;1097;282;465;1213;992;648;685;973;318;611;262;140;177;489;35;299;831;1266;358;256;1125;852;956;931;1277;576;734;567;903;1116;210;482;665;1009;121;711;1230;354;632;864;1121;31;252;563;827;952;1262;295;572;848;927;1273;598;719;1228;607;1131;135;405;314;726;136;1024;524;336;1224;186;225;506;990;194;123;288;565;920;24;234;562;947;1292;369;681;1203;756;1067;1150;165;503;101;1003;454;745;879;46;1082;130;569;714;913;1223;400;241;954;1245;308;601;720;912;908;21;344;622;1111;599;865;406;1229","577;416;138;300;1231"
0.017000,533287,3533287,0,6,0,1,126,"2;223;240;551;1200;1244","","","","209;359;493;671;993;1193;298;481;664;1008;1229;240;521;663;1005;1113;551;1244;815;940;1250;129;568;847;953;19;192;223;504;700;988;1096;654;976;342;1230;281;464;1212;701;991;530;162;1015;500;1000;528;1200;305;434;366;1236;1120;247;670;678;1012;120;930;1276;34;575;851;1115;645;710;902;603;1092;755;2;914;1127;132;325;310;889;722;869;1233;140;410;724;91;444;800;1057;1140;36;637;735;1126;350;662;984;435;1185;82;200;538;791;1048;1238;27;628;726;1117;13;336;900;614;712;277;1103;830;963;1255;554;234;545;863;934;274;185;827;960;1252;10;457;1205;694;621;740;878;150;1091;879;734;420;1189;613;589;814;920;1265;261;529;1013;1121;163;248;151;622;741;275;188;696;219;101;398;785;1072;1173;181;266;689;977;1085;203;1002;658;475;1107;353;487;665;987;1241;292;515;657;999;1223;320;543;819;952;852;923;1287;588;206;1190;295;478;356;1226;668;990;660;237;1110;661;518;490;239;563;1262;128;31;567;846;1243;252;112;936;1281;666;374;212;524;1116;243;170;508;686;1208;693;981;177;1215;1089;497;327;216;184;273;456;983;1204;152;623;742;1093;276;880;615;881;1191;422;591;816;922;1267;736;263;430;160;1199;744;909;1112;345;22;721;708;910;346;23;296;643;624;118;333;611;709;897;1100;1295;231;542;860;931;202;522;241;352;1240;210;1006;486;986;1114;421;262;590;921;1266;1022;334;1222;269;496;692;980;1088;562;947;1292;123;841;90;358;799;1056;1139;778;1054;536;774;1061;387;425;453;1163;443;1162;1171;777;1034;68;58;393;1076;788;100;1176;463;1064;104;79;381;401;1075;1045;1182;432;347;766;57;1077;1160;175;691;1213;513;523;335;1023","240;551;1244;223;1200;2"
0.017000,971951,3971951,0,11,0,1,120,"217;249;560;575;577;839;846;853;930;1288;1294","","","","45;586;577;862;941;1287;266;309;841;966;1276;368;646;744;878;1081;230;1294;511;653;995;1103;9;541;859;930;199;1288;558;837;943;119;714;1119;302;595;906;124;130;400;647;913;1223;616;1105;338;902;15;17;549;618;813;1107;281;238;340;967;938;1248;1259;716;904;834;1088;147;875;155;737;425;271;884;1194;739;1;1243;951;818;319;542;324;602;754;888;1091;1286;222;587;851;922;835;585;44;308;940;117;228;556;861;221;0;850;921;1285;502;698;986;190;1094;934;1279;110;828;853;246;1278;3;224;589;924;36;932;574;959;1250;300;135;918;812;1263;148;259;942;46;863;310;877;1089;272;738;876;732;418;1241;611;619;29;846;570;293;925;1271;250;825;950;1260;352;630;728;916;561;247;960;670;1012;1120;162;136;528;947;1257;26;575;854;822;1251;563;839;952;948;1264;22;1262;286;235;252;827;842;31;1293;217;160;824;545;1275;1281;50;971;1090;186;498;694;982;582;256;584;145;1244;13;234;969;43;52;919;1283;219;848;307;860;939;564;32;253;953;838;21;562;285;249;560;949;28;530;672;1014;1122;138;164;856;962;1253;453;809;1066;1149;680;1002;1202;100;232;121;945;1290;836;1261;19;283;571;559;260;968;39;1270;282;18;7;957;548;1249;593;857;928;1292;330;608;706;894;1097;721;345;623;909;1112;243;554;34;298;236;205;1001;1109;125;517;659;936;1246;547;843;811;637;257;359;735;869;1126;568;832;1267;820;926;318;156;267;817;1242;239;567;128;550;1280;699;987;1095;111;191;503;829;935;30;956;132;294;847;1272;1247;946;821;25;1256;557;215;527;669;1011;134;814;958;573;852;245;551;815;342;620;718;240;10;1252;274;231;931;1295;333;709;897;1100;248;961;1013;1121;163;137;529;671;1258;27;576;855;823;944;120;1289;981;454;182;691;390;903;1213;702;112;290;704;751;885;375;269;496;692;980;599;184;722;867;601;910;1113;1231;603;914;1127;23;346;624;408;265;154;316;1269;1291;122;233;591;840;314;965;279;389;1114;297;644;901;1212;636;703;553;242;118;229;38;273;826;830;963;1255;336;614;712;900;277;131;849;955","577;1294;930;1288;853;846;575;839;217;249;560"
0.016000,421241,4421241,0,5,0,1,113,"271;453;548;1019;1088","","","","109;1202;626;747;892;379;287;634;753;891;1104;548;220;827;933;1278;271;691;824;957;1249;454;7;182;981;1088;737;875;147;618;237;812;937;1247;16;181;1019;519;697;331;1219;453;690;980;1201;270;689;977;266;493;1085;169;1127;254;309;438;166;535;677;675;1240;1002;658;368;164;206;502;680;518;203;292;475;660;1223;1110;751;599;375;52;885;161;632;889;113;383;630;896;1206;1102;285;1108;291;703;895;224;552;831;638;1282;534;196;1234;346;496;184;269;692;235;1000;204;516;316;593;815;948;1294;584;848;919;1283;219;126;565;844;950;1295;17;967;558;834;281;1259;238;813;938;904;340;549;716;1248;1107;556;1257;965;24;1286;835;945;15;228;279;832;117;820;245;941;1255;128;567;239;911;1221;952;398;718;910;1123;645;712;846;306;1243;863;1288;310;942;46;234;1244;587;545;934;13;145;1260;969;256;537;679;1021;1129;171;1266;35;956;924;28;1270;569;845;1109;639;114;704;700;1222;522;334;1022;273;456;693;983;1204;369;647;745;879;1082;842;267;1277;578;307;249;672;1014;1122;530;436;673;1017;1238;1066;1149;90;778;1054;1163;100;809;425","548;271;1088;1019;453"
0.016000,688397,4688397,0,7,0,1,129,"26;121;300;354;666;904;1116","","","","731;612;633;1082;876;1240;141;319;147;869;417;32;355;610;865;1122;385;632;898;753;115;1208;104;467;792;1068;1177;88;534;772;1059;1160;354;86;439;795;1052;1135;31;730;864;1121;204;488;666;988;1188;349;199;537;661;983;1237;81;434;790;1047;1184;26;627;725;913;1116;658;516;235;1000;1108;476;659;1003;1224;293;340;17;618;716;904;1107;781;1038;1175;72;190;528;652;974;1228;479;168;440;677;1021;149;311;733;878;419;766;57;78;413;441;1042;1151;379;1053;82;325;464;1077;1154;508;800;1033;62;1134;1236;872;143;606;727;1181;787;1044;524;762;1049;1150;485;429;346;177;686;515;327;489;973;1081;320;262;1015;1215;685;449;693;976;1197;328;178;1026;60;694;1016;1216;5;704;892;1095;769;1163;170;1008;374;263;490;1080;96;393;780;1067;1168;972;176;261;684;203;999;987;353;292;475;234;1241;487;665;657;1002;1223;977;321;450;687;1198;238;549;813;938;1248;281;558;834;967;1259;637;36;359;735;1126;120;1213;112;290;390;903;702;894;992;1100;196;227;650;980;1234;23;1113;910;722;244;555;819;944;1254;564;840;919;1265;624;287;478;71;339;1037;1174;396;1079;1005;1226;295;803;61;206","354;666;26;1116;904"
0.016000,894862,4894862,0,7,0,1,105,"8;51;218;499;695;825;1293","","","","499;695;218;187;983;1091;215;365;677;999;1199;107;404;791;1078;1179;206;661;1190;295;478;356;1226;490;668;990;518;660;1002;1110;1005;237;1017;517;329;1217;179;275;458;1206;985;186;608;1132;865;727;7;330;706;894;1097;137;315;145;415;1238;874;729;184;980;692;269;1088;496;456;273;1204;693;1022;1222;334;700;522;235;658;14;546;810;935;1245;204;1000;1108;516;124;563;842;948;1293;524;648;217;498;694;982;1090;1224;336;1024;659;476;535;1003;293;347;1235;236;981;1001;1109;197;205;670;304;433;669;1011;1119;246;1014;527;185;497;984;1223;274;457;335;1205;1023;216;1089;523;701;74;425;1045;1146;409;1177;342;437;762;1038;1147;481;520;758;783;1040;503;1028;369;165;222;408;1203;681;987;1095;57;191;795;699;1183;1165;806;1137;399;62;64;469;771;1098;506;194;225;280;463;1211;250;963;1254;673;1123;531;857;139;578;1015;29;561;825;950;1260;1139;340;479;781;1175;67;72;513;418;805;884;1194;618;739;155;90;453;778;1054;1163;156;746;627;1087;374;51;750;598;122;647;712;904;905;300;840;946;1291;1117;233;392;1215;639;687;264;491;975;171;509;1009;1209;178;321;450;977;1198;1083;375;570;846;925;1271;352;630;728;916;209;298;664;1008;1229;1150;1067;454;101;756;46;745;879;1082;688;322;451;978;583;847;918;1282;161;931;1276;42;643;741;875;97;1063;679;443;314;1191;1021;1129;680;537;256","499;695;218;1293;825;51"
0.016000,954068,4954068,0,9,0,1,113,"15;218;279;499;626;699;892;1095;1105","","","","154;625;882;265;883;1193;617;738;424;593;818;924;1269;1095;744;278;1021;183;333;521;699;1221;171;256;537;679;1129;168;311;440;677;1188;201;232;513;655;997;1105;351;663;985;656;1000;473;1239;290;539;261;40;572;836;961;1271;150;589;814;920;1265;176;488;684;972;1080;11;543;861;932;1242;121;560;839;945;1290;236;205;517;659;1001;1109;125;564;843;949;1294;15;547;811;936;1246;1266;584;863;969;145;567;831;956;35;1260;506;253;534;676;1018;1126;1206;372;1006;194;993;978;990;344;532;225;1098;1232;648;649;283;466;1214;495;691;979;268;692;982;272;455;1203;1087;965;492;688;976;1084;180;576;840;44;1275;175;325;805;1139;1213;418;67;1038;1013;279;832;1257;556;141;252;580;859;1256;187;499;695;218;276;337;525;983;1025;1225;1091;459;696;986;1207;626;190;1210;462;989;745;1096;155;616;714;902;338;892;635;754;110;288;328;606;704;5;747;379;109;1202;226;507;195;991;1099;591;855;926;115;554;833;939;1284;1209;461;988;189;14;555;964;698;1009;680;375;509;314;443;687;1024;1191;581;304;857;1282;49;216;845;970;1280;142;860;966;503;987;222;191;33;634;574;254;565;829;1264;929;954;850;356;297;732;866;1123;25;348;724;912;1115;911;128;398;645;712","1095;699;1105;15;279;499;218;626;892"
0.016000,959370,4959370,0,15,0,1,118,"93;159;217;255;366;441;451;577;678;827;889;1053;1059;1151;1199","","","","255;34;566;830;955;1265;144;583;862;968;1259;170;536;678;1020;1128;679;508;686;1008;1208;313;442;374;1023;1190;1042;517;413;441;766;1151;71;422;78;809;1143;76;344;483;785;1179;268;47;579;843;1278;157;542;821;927;1272;183;495;691;979;1087;179;978;451;322;1199;264;491;687;688;975;1083;1017;1217;329;695;522;439;764;1040;1149;427;411;760;1047;1148;182;981;454;1086;271;494;690;267;1202;1220;698;520;332;676;534;1018;364;167;168;1241;1126;310;214;253;498;998;1198;217;186;50;582;846;971;1281;160;545;824;930;1275;982;1090;694;201;232;663;985;1000;656;351;1239;655;997;1105;513;539;290;473;1221;180;696;265;976;1084;518;492;330;1218;323;452;1200;689;165;308;437;674;43;575;839;964;1274;153;592;817;923;1268;659;1001;1109;205;236;367;501;163;1201;171;256;1129;1021;537;1232;532;194;202;233;1106;514;660;1236;348;90;387;774;1061;1162;198;1107;112;637;702;894;26;567;922;298;1276;851;357;635;733;867;1124;88;385;1161;1052;772;1059;1160;776;423;797;1054;356;1137;898;294;641;710;1101;334;115;632;706;1111;11;753;612;116;742;876;366;644;1133;307;584;939;1285;860;127;238;951;1242;842;921;1267;25;845;289;388;288;754;892;1211;110;118;901;131;715;914;1224;309;721;602;401;913;594;242;570;849;1246;346;429;524;762;1044;1181;485;787;1049;1150","255;678;441;1151;451;1199;217;1059;366"
0.015000,759720,5759720,0,8,0,1,162,"61;84;89;357;419;1055;1164;1187","","","","89;424;452;777;1053;1162;386;535;773;1060;1161;357;442;798;1055;1138;207;491;669;991;1191;34;635;733;867;1124;99;396;808;1065;1148;380;787;1063;367;1070;1172;783;462;1171;103;466;1067;400;1175;495;371;791;456;1176;758;1069;1152;1074;384;419;68;612;878;1188;149;514;806;1039;1140;1048;84;447;1157;772;450;64;1137;399;365;481;1028;1146;97;61;1164;1187;1027;770;468;478;329;1079;1134;803;507;799;1032;412;60;802;477;395;1078;506;769;1031;1186;328;467;1026;411;1163;1050;530;381;793;352;768;437;1156;85;531;382;54;376;461;763;1056;87;1160;422;178;321;687;977;1198;775;1051;871;1084;143;614;112;895;1281;629;1205;290;637;702;894;1107;223;551;830;936;750;389;1072;1212;119;636;538;703;902;92;796;776;471;1181;1180;500;405;792;809;1042;736;881;517;152;615;71;1143;374;598;884;1101;1087;51;284;631;888;160;1179;499;350;107;404;435;82;1185;474;1033;335;1170;67;423;451;1052;88;761;77;428;1149;523;326;656;998;1106;176;202;692;1014;1214;233","89;357;1055;419;84;61;1164;1187"
0.014000,315918,6315918,0,2,0,1,126,"200;644","","","","397;644;479;804;910;1220;127;711;100;492;784;1071;1172;1135;62;1026;512;231;654;996;1104;66;417;200;1037;1138;174;324;690;1012;1212;340;781;1038;1175;72;1227;296;662;1006;207;73;436;782;1146;761;408;424;757;1044;519;1176;480;341;1039;1145;1144;760;1036;423;756;435;407;1043;518;602;765;1;754;888;1091;1076;1159;463;56;598;909;305;1122;238;566;845;951;1242;717;917;404;718;134;189;339;527;651;973;597;135;725;606;313;1130;246;574;853;959;1250;405;719;864;1228;119;297;709;901;1114;43;742;876;1133;366;575;584;860;939;1285;264;307;839;964;1274;230;703;902;389;636;558;837;943;1288;684;372;1206;210;168;241;506;522;664;253;534;676;1018;311;440;1188;677;1021;1126","644;200"
0.014000,349248,6349248,0,8,0,1,124,"184;463;496;504;700;755;788;1204","","","","111;755;636;289;893;1106;222;550;829;935;1280;381;628;749;894;1204;56;324;463;765;1076;1159;391;473;794;1182;502;407;798;1074;1027;1183;432;303;404;757;1033;1142;214;69;669;1013;1234;79;347;788;1045;414;442;767;1043;1152;430;525;763;1050;1151","755;1204;463;788"
0.014000,595011,6595011,0,4,0,1,125,"823;929;948;1293","","","","562;947;234;841;123;1292;30;251;826;951;1261;21;285;838;971;1263;592;315;814;51;1293;6;227;856;927;1291;153;264;817;923;1268;13;963;545;934;336;614;712;900;1103;1244;1255;554;830;863;277;1256;555;25;278;831;964;14;246;557;821;946;965;859;252;141;580;242;553;942;1252;950;1242;318;0;541;574;1250;1275;850;33;853;959;297;135;929;42;263;1273;921;348;626;724;912;1115;289;566;1267;842;140;579;858;1124;166;532;674;1016;1294;930;230;9;938;1284;306;583;112;223;551;936;1281;1205;290;637;702;894;1107;382;629;750;895;948;593;815;843;52;316;125;236;564;949;270;547;823;1248;956;329;607;705;893;1096;160;217;954;1246;4;322;824;265;928;7;818;924;154;228;857;1269;1264;254;356;634;732;866;1123;565;829;243;132;1285;221;571;586;1247;219;811;932;1277;108;15;1257;556;279;338;616;714;902;1105;832;27;559;1258;248;216;159;544;1274;146;453;736;874;1087;181;617;690;980;1201;377;601;753;887;1090;155;745;883;190;462;699;989;1210;1270;569;845;292;3;224;589;1288;28;852;1287;568;2;291;588;844;229;540;1102;8;198;510;652;994;118;836;822;543;158;269;572;848;31;295;44;576;840;26;349;627;725;913;567;922;247;558;1116;751;632;161;889;468;1216;651;995;196;273;550;1251;584;919;1283;599;885;1088;375;560;249;1259;232;839;283;121;19;969;945;1290;35;1266;931;256;358;636;734;868;1125;299;53;266;925;1295;317;819;816;669;1011;1119;215;527;124;235;563;834;837;943;119;17;967;281","1293;929;948;823"
0.014000,871742,6871742,0,18,0,1,128,"233;247;288;548;587;590;676;812;840;854;860;927;933;945;998;1204;1259;1291","","","","233;998;840;656;202;1106;933;122;561;514;946;1291;862;12;1243;544;812;49;313;590;945;148;259;587;918;1263;16;237;548;937;1247;545;1275;934;160;217;234;13;4;863;322;1244;821;954;824;930;1246;860;43;307;584;939;1285;542;581;966;253;231;142;931;1295;10;1257;214;364;498;676;1198;199;471;654;1219;288;186;694;982;1090;106;403;790;1077;1178;28;249;560;949;1259;7;271;957;1249;927;295;572;848;1273;6;227;592;856;31;157;268;1272;352;486;664;986;1240;291;474;657;1001;1222;511;653;995;1103;349;537;661;983;1237;230;432;668;1010;1118;303;526;669;1013;1234;245;574;850;929;44;265;576;33;965;297;165;250;673;1015;1123;308;674;369;437;1203;1239;503;681;1003;1018;531;951;818;319;1;919;1265;23;287;564;748;216;845;970;1280;596;882;1085;372;627;893;110;380;884;1097;156;280;746;26;725;913;1116;329;607;705;1096;270;547;823;956;1248;51;153;264;315;814;947;1293;817;923;1268;629;886;1099;158;282;135;606;917;1130;170;442;679;1023;1190;578;37;301;854;1279;109;220;827;1278;171;687;1209;314;443;680;1024;1191;509;1129;375;256;1009;1021;46;967;267;1277;842;139;857;963;1254","233;998;840;933;1291;812;590;945;587;548;860;676;288;1259;927;854"
0.013000,441412,7441412,0,5,0,1,121,"110;272;549;1089;1203","","","","1089;185;216;497;693;981;53;376;600;752;886;148;272;619;738;876;418;611;732;877;1241;259;587;812;918;1263;238;1003;207;127;566;845;951;1242;1111;661;519;17;549;813;938;1248;533;979;252;675;1017;1125;195;657;167;345;1233;87;384;771;1058;1159;165;503;369;1203;681;673;1015;1123;250;674;437;308;1239;1018;531;1105;201;232;513;655;997;15;338;616;714;902;110;288;635;754;892;57;408;795;1028;1183;191;222;699;987;1095;177;327;515;1215;184;456;983;1204;273;204;476;293;1224;659;666;988;516;658;1000;1108;488;1188;354;235;44;576;1080;367;1286;265;840;965;1275;585;645;743;861;940;627;380;748;893;221;828;934;1279;183;455;692;982;958;1250;8;825;173;258;539;1023;1131;315;444;1192;1025;172;834;281;1107;558;967;340;618;716;904;1259;197;535;347;1235;271;454;1202;182;691;949;1295;317;849;920;1284;816;220;540;109;747;626;287;634;753;891;1104;379;548;827;933;1278;1124;733;867;357;118;702;34;1211;388;901;213;363;1197;105;402;1076;789;1177;55;377;501;764;1075;1158;390;472;797;1073;1182;406;462;793;1026;1181;572;927;133;295;1273;40;261;836;961;1271;848;244;851;957;31;523;701;335;1223;274;457;1205;694;984;1087;146;270;617;736;874;51;374;598;750;884;268;495","1089;272;549;1203;110"
0.013000,637610,7637610,0,7,0,1,128,"379;472;484;786;999;1031;1073","","","","999;203;234;515;657;1107;215;365;499;677;1199;200;289;472;655;1220;984;512;654;996;1104;350;538;662;231;1238;212;667;1011;362;1196;1116;243;496;674;524;666;1008;301;484;1232;669;246;1119;527;304;433;1235;1014;670;503;191;1095;165;1003;369;1203;57;408;795;1028;1183;681;222;699;987;108;286;1201;633;752;890;1103;378;219;547;826;932;1277;891;625;746;893;842;921;1267;25;566;755;111;1106;636;786;1062;1180;399;1073;345;77;461;1043;1171;102;98;494;379;1174;1079;768;478;803;792;1162;61;396;327;466;1134;54;405;500;59;28;351;1118;629;949;1270;249;560;824;292;1259;569;845;727;915;924;107;375;460;470;388;762;1071;404;1156;791;1078;1179;1182;55;390;797;1031;333;1168;65;774;1181;763;471;796;1072;1074;1157;389;376;112;290;637;702;894;17;340;618;716;904;529;653;975;341;1229;83;380;767;1054;1155;1013;1121;163;248;671;218;695;983;1091;187;52;599;751;885;1088;171;509;687;1009;1209;658;665;353;487;475;1241;1002;1223;60;798;1026;411;506;1186;467;769;328;1163;802;395;1187;477;646;806;1137;912;1222;129;713;481;64;1040;1015;1215;693;177;69;420;807;1141;62;479;397;804;1135;406;501;793;349;199;537;661;1237;81;434;790;1047;1184;26;627;725;913;1000;678;162;1200;366;1092;188;696;132;402;722;1225;603;595;310;571;850;956;1247;1127;914;439;604;870;1234;76;141;764;1149;1049;418;446;771;436;1140;809;67;1075;1158;377;462;785;1061;1170;97;277;697;1208;919;584;848;1283;105;497;1076;1177;789;468;373;1069;1178;458;760;1154;386;295;206;1005;1226;71;1037;339;780;849;1284;920;585;220;53;928;131;242;570;955;1246;32;1274;296;573;23;840;564;1265;287;244;944;1254;346;624;910;1113;819;555;1231;531;193;343;997;1105;201;232;513;977;198;1218;675;1197;213;363;451;1064;1147;490;782","999;472;484;786;1073;379;1031"
0.013000,723486,7723486,0,7,0,1,106,"98;482;487;665;807;1069;1178","","","","487;665;353;203;987;1241;175;260;683;1025;1133;95;392;779;1066;1167;515;1002;292;475;1223;658;999;1107;657;234;192;976;991;701;281;464;342;1230;1212;504;700;988;1096;223;530;654;211;361;1195;242;1115;1007;523;673;995;495;300;483;666;1010;1231;195;1233;467;650;994;1099;226;284;979;507;649;345;533;1215;379;98;461;786;1062;1171;109;626;747;892;1202;82;766;1053;1154;528;498;186;217;694;982;1090;364;1198;676;998;214;106;403;790;1077;1178;513;1213;318;447;325;691;684;974;1013;21;553;817;942;1252;131;570;849;955;1246;1069;386;395;468;793;105;490;782;1170;103;1152;456;371;758;482;784;1041;75;210;299;343;1009;807;1029;400;65;1138;519;1003;181;331;697;1019;1219;1111;238;73;424;757;1044;1145;207;661;1006;241;1114;360;494;672;1194;522;664;174;317;446;1005;1205;167;505;973;265;177;320;449;1197;688;1084;180;492;686;1128;802;1059;1142;93;38;639;737;871;77;412;428;1043;761;1048;1149;484;440;1150;765;1180;102;399;1073;1174;70;477;1173;1164;338;426;454;1055;1036;91;885;156;619;740;1071;402;760;373;458;497;789;1076;1177;366;316;609;728;866;43;138;644;742;876;1168;774;1031;333;472;1137;416;803;511;335;989;1023;185;193;1097;224;729;1134;1120;631;917;30;1051;85;438;794;1141;68;485;756;1032;596;717;916;1226;133;491;687;975;1083;357;669;179;1191;264;99;783;1070;396;1067;1175;787;1074;1176;791;466;384;451;1064;1147;780;478;427;393;1037;339;488;1165;96;92;71;455;1056;327;1015;693;69;420;1040","487;665;98;1178;1069;482;807"
0.013000,766627,7766627,0,9,0,1,118,"152;314;591;607;630;728;742;926;1133","","","","630;887;728;749;159;1100;29;352;283;916;1119;113;383;751;896;1206;353;487;438;794;1051;1134;203;85;665;987;1241;30;631;729;917;1120;638;703;224;552;831;937;1282;1108;291;895;601;722;130;867;1231;408;0;138;377;1125;308;720;753;912;1090;926;571;847;1272;267;541;820;1271;294;156;5;226;591;855;1290;251;562;826;951;1261;1133;607;316;866;144;873;1237;414;609;585;1286;44;861;940;1239;165;437;674;1018;1292;838;971;1263;123;234;841;947;285;21;323;1095;822;955;1247;546;606;704;892;328;314;1191;726;864;1131;171;443;680;1024;50;946;813;136;6;329;705;893;1096;161;632;889;599;1102;52;375;1088;885","630;728;926;591;1133;607;314"
0.010000,255394,10255394,0,9,0,1,143,"118;191;222;242;587;942;1011;1211;1229","","","","553;829;276;12;962;1254;21;242;817;942;1252;114;225;832;938;1283;19;836;240;551;718;342;560;283;815;940;1250;969;620;1261;906;1109;639;704;896;752;897;1207;292;384;631;301;1011;933;1279;594;905;1118;212;484;667;37;1232;713;854;123;578;152;623;880;1093;459;187;742;696;986;249;856;138;577;1253;949;1259;28;1122;164;530;672;1014;824;215;527;669;1119;246;173;377;511;689;1211;0;601;887;1158;55;462;764;1075;1090;753;209;298;1113;1229;1193;481;359;493;671;993;663;1005;664;1008;521;111;222;749;894;1204;289;636;755;893;1106;381;550;628;935;1280;310;46;587;863;1288;118;229;557;1287","242;942;1011;1211;1229;222;587;118"
